{
  "claude-3-5-sonnet-20241022": {
    "team_acc_lift": {
      "lift": -0.0866510538641686,
      "ci_lo": -0.13335896860427093,
      "ci_hi": -0.039943139124066274
    },
    "introspection_score": {
      "mcc": 0.1545847926764364,
      "p": 0.001
    },
    "self_acc_lift": {
      "lift": 0.0827290426342372,
      "p": 0.010385501437856257
    },
    "normed_self_acc_lift": {
      "lift": 0.10268982908377698,
      "ci_lo": 0.020436396749789882,
      "ci_hi": 0.18494326141776407
    },
    "single_point_auc": {
      "auc": 0.3854755883115686,
      "ci_lo": 0.14578898491160527,
      "ci_hi": 0.6251621917115319
    },
    "s_i_capability": {
      "coef": -0.7388915633975052,
      "p": 0.006848133891722216
    }
  },
  "claude-3-haiku-20240307": {
    "team_acc_lift": {
      "lift": -0.11409395973154363,
      "ci_lo": -0.1592234585736101,
      "ci_hi": -0.06896446088947716
    },
    "introspection_score": {
      "mcc": 0.07988067805218604,
      "p": 0.11
    },
    "self_acc_lift": {
      "lift": 0.0036984917370282144,
      "p": 0.8715242737258057
    },
    "normed_self_acc_lift": {
      "lift": 0.00404211688618976,
      "ci_lo": -0.0488406025711807,
      "ci_hi": 0.06573862291978863
    },
    "single_point_auc": {
      "auc": 0.2737734434511181,
      "ci_lo": -0.058616901553383616,
      "ci_hi": 0.6061637884556198
    }
  },
  "claude-3-sonnet-20240229": {
    "team_acc_lift": {
      "lift": -0.058165548098433995,
      "ci_lo": -0.10420324736294889,
      "ci_hi": -0.012127848833919097
    },
    "introspection_score": {
      "mcc": 0.07876679811109373,
      "p": 0.141
    },
    "self_acc_lift": {
      "lift": 0.06393500529848109,
      "p": 0.07272517019183619
    },
    "normed_self_acc_lift": {
      "lift": 0.0705653021442495,
      "ci_lo": -0.016569200779727105,
      "ci_hi": 0.17222222222222222
    },
    "single_point_auc": {
      "auc": 0.25009908846002016,
      "ci_lo": -0.06762467326155575,
      "ci_hi": 0.5678228501815961
    },
    "s_i_capability": {
      "coef": -0.547006288039679,
      "p": 0.1635011338863266
    }
  },
  "claude-sonnet-4-20250514": {
    "team_acc_lift": {
      "lift": -0.18232662192393734,
      "ci_lo": -0.22548736156399823,
      "ci_hi": -0.13916588228387644
    },
    "introspection_score": {
      "mcc": 0.21223853357286177,
      "p": 0.0
    },
    "self_acc_lift": {
      "lift": 0.01794694434577776,
      "p": 0.4315907732059022
    },
    "normed_self_acc_lift": {
      "lift": 0.024090943310998977,
      "ci_lo": -0.03573489924464859,
      "ci_hi": 0.08765590102637454
    },
    "single_point_auc": {
      "auc": 0.5755519872139279,
      "ci_lo": 0.3628716647260961,
      "ci_hi": 0.7882323097017596
    },
    "s_i_capability": {
      "coef": -1.5325730644007929,
      "p": 0.0006698648432547509
    }
  },
  "deepseek-chat": {
    "cap_entropy_diff": 3.3522206408804235e-05,
    "team_acc_lift": {
      "lift": -0.17449664429530204,
      "ci_lo": -0.21793465635558096,
      "ci_hi": -0.13105863223502312
    },
    "introspection_score": {
      "mcc": 0.2297846889952153,
      "p": 0.0
    },
    "self_acc_lift": {
      "lift": 0.06588112670327434,
      "p": 0.0033130503519138224
    },
    "normed_self_acc_lift": {
      "lift": 0.08366154442148759,
      "ci_lo": 0.02593943698347107,
      "ci_hi": 0.1449912835743802
    },
    "single_point_auc": {
      "auc": 0.7159408085499344,
      "ci_lo": 0.48933621035089436,
      "ci_hi": 0.9425454067489744
    },
    "full_auc": {
      "auc": 0.5034988038277513,
      "ci_lo": 0.481427559912854,
      "ci_hi": 0.5283727144485385
    },
    "calibration_auc": {
      "auc": 0.5032745215311005,
      "ci_lo": 0.478780414757541,
      "ci_hi": 0.5241725478414013
    },
    "calibration_entropy_auc": {
      "auc": 0.5019980818414322,
      "ci_lo": 0.48823529411764705,
      "ci_hi": 0.5126778518134302
    },
    "s_i_capability": {
      "coef": -2.07876483788333,
      "p": 0.0006281190245427937
    },
    "capabilities_entropy": {
      "coef": -1149.47711640883,
      "p": 0.9911371739145437
    }
  },
  "gemini-1.5-pro": {
    "team_acc_lift": {
      "lift": -0.3366890380313199,
      "ci_lo": -0.3709572952302065,
      "ci_hi": -0.30242078083243334
    },
    "introspection_score": {
      "mcc": 0.11044616731138086,
      "p": 0.0
    },
    "self_acc_lift": {
      "lift": -0.01355096026012717,
      "p": 0.4987510037594716
    },
    "normed_self_acc_lift": {
      "lift": -0.016024548244118638,
      "ci_lo": -0.05553661400916771,
      "ci_hi": 0.02630980793271963
    },
    "single_point_auc": {
      "auc": 0.5512835983436322,
      "ci_lo": 0.29469851359652605,
      "ci_hi": 0.8078686830907382
    },
    "s_i_capability": {
      "coef": -25.7359210532665,
      "p": 0.999881926746803
    }
  },
  "gemini-2.0-flash-001": {
    "cap_entropy_diff": 0.07039148963756958,
    "team_acc_lift": {
      "lift": -0.1575178997613365,
      "ci_lo": -0.2029561698855032,
      "ci_hi": -0.11207962963716983
    },
    "introspection_score": {
      "mcc": 0.21184117190430343,
      "p": 0.0
    },
    "self_acc_lift": {
      "lift": -0.017663460856825547,
      "p": 0.5912158519270493
    },
    "normed_self_acc_lift": {
      "lift": -0.021831829200619185,
      "ci_lo": -0.08301936388329098,
      "ci_hi": 0.045474458950319825
    },
    "single_point_auc": {
      "auc": 0.5506079642790045,
      "ci_lo": 0.3069894670484421,
      "ci_hi": 0.7942264615095669
    },
    "full_auc": {
      "auc": 0.5564858329150887,
      "ci_lo": 0.5000188206804752,
      "ci_hi": 0.6119316557795327
    },
    "calibration_auc": {
      "auc": 0.5965339233038348,
      "ci_lo": 0.5239443416589576,
      "ci_hi": 0.6667662726534269
    },
    "calibration_entropy_auc": {
      "auc": 0.6009438489841624,
      "ci_lo": 0.5271177097704753,
      "ci_hi": 0.671939047973919
    },
    "s_i_capability": {
      "coef": -0.9871546859653785,
      "p": 0.0004029310502448081
    },
    "capabilities_entropy": {
      "coef": 0.18824132722595568,
      "p": 0.5980212740610311
    }
  },
  "gemini-2.5-flash-preview-04-17": {
    "team_acc_lift": {
      "lift": -0.084841628959276,
      "ci_lo": -0.13077951175146701,
      "ci_hi": -0.038903746167084974
    },
    "introspection_score": {
      "mcc": 0.13793564517446333,
      "p": 0.0
    },
    "self_acc_lift": {
      "lift": 0.061655652853283005,
      "p": 0.008764871167244247
    },
    "normed_self_acc_lift": {
      "lift": 0.09462430055955239,
      "ci_lo": 0.021016520117239604,
      "ci_hi": 0.16823208100186518
    },
    "single_point_auc": {
      "auc": 0.34458355575774124,
      "ci_lo": 0.14892329796459408,
      "ci_hi": 0.5402438135508885
    },
    "s_i_capability": {
      "coef": -1.3329061248576184,
      "p": 0.08649913990081204
    }
  },
  "gpt-4.1-2025-04-14": {
    "cap_entropy_diff": 0.028833329366302313,
    "team_acc_lift": {
      "lift": -0.24659090909090908,
      "ci_lo": -0.287233574064934,
      "ci_hi": -0.20594824411688412
    },
    "introspection_score": {
      "mcc": 0.20404360376015443,
      "p": 0.0
    },
    "self_acc_lift": {
      "lift": -0.040180102915951976,
      "p": 0.08092375334724104
    },
    "normed_self_acc_lift": {
      "lift": -0.0534116171692413,
      "ci_lo": -0.1071571078411414,
      "ci_hi": 0.003916906214118739
    },
    "single_point_auc": {
      "auc": 0.5924418412977266,
      "ci_lo": 0.3759970279000666,
      "ci_hi": 0.8088866546953866
    },
    "full_auc": {
      "auc": 0.703308722996992,
      "ci_lo": 0.6405486191183877,
      "ci_hi": 0.7647725494461203
    },
    "calibration_auc": {
      "auc": 0.5950552953241498,
      "ci_lo": 0.5356098517957261,
      "ci_hi": 0.6524634705133107
    },
    "calibration_entropy_auc": {
      "auc": 0.5638271604938272,
      "ci_lo": 0.48615087145969493,
      "ci_hi": 0.6436889874923976
    },
    "s_i_capability": {
      "coef": -1.8803003600721668,