{
  "claude-3-5-sonnet-20241022": {
    "cap_entropy_diff": 0.46166933544371025,
    "team_acc_lift": {
      "lift": -0.2222222222222222,
      "ci_lo": -0.2651355219914329,
      "ci_hi": -0.17690129397643323
    },
    "introspection_score": {
      "mcc": 0.1813135584546962,
      "p": 0.0
    },
    "self_acc_lift": {
      "lift": 0.12,
      "p": 0.0404668250835275
    },
    "normed_self_acc_lift": {
      "lift": 0.30167597765363124,
      "ci_lo": 0.022346368715083942,
      "ci_hi": 0.5460893854748603
    },
    "single_point_auc": {
      "auc": 0.3950187396622413,
      "ci_lo": 0.20624430123804738,
      "ci_hi": 0.5837931780864353
    },
    "full_auc": {
      "auc": 0.8155129335684891,
      "ci_lo": 0.764022819533931,
      "ci_hi": 0.8615506520270272
    },
    "calibration_auc": {
      "auc": 0.7313282071368199,
      "ci_lo": 0.6826278891257997,
      "ci_hi": 0.776218649985289
    },
    "calibration_entropy_auc": {
      "auc": 0.7310808303613762,
      "ci_lo": 0.6826675456016126,
      "ci_hi": 0.7752354915787012
    },
    "s_i_capability": {
      "coef": -1.1682502960959733,
      "p": 0.00034067118812858185
    },
    "capabilities_entropy": {
      "coef": 2.782104141720871,
      "p": 7.231398820224371e-12
    }
  },
  "claude-3-haiku-20240307": {
    "cap_entropy_diff": 0.005638366610014933,
    "team_acc_lift": {
      "lift": -0.09999999999999998,
      "ci_lo": -0.14526426110446666,
      "ci_hi": -0.05473573889553329
    },
    "introspection_score": {
      "mcc": 0.09700189417428179,
      "p": 0.035
    },
    "self_acc_lift": {
      "lift": 0.03908408408408409,
      "p": 0.14819890300660443
    },
    "normed_self_acc_lift": {
      "lift": 0.056552533240636145,
      "ci_lo": -0.026549057095680912,
      "ci_hi": 0.13476579473364042
    },
    "single_point_auc": {
      "auc": 0.21356026593009125,
      "ci_lo": 0.013589388009596026,
      "ci_hi": 0.4135311438505865
    },
    "full_auc": {
      "auc": 0.5885727448227448,
      "ci_lo": 0.5435812349080813,
      "ci_hi": 0.6360318028295197
    },
    "calibration_auc": {
      "auc": 0.47608087163709534,
      "ci_lo": 0.4306475765851685,
      "ci_hi": 0.5199623290571872
    },
    "calibration_entropy_auc": {
      "auc": 0.4768673806935159,
      "ci_lo": 0.43163305515440653,
      "ci_hi": 0.5201936809305321
    },
    "s_i_capability": {
      "coef": -0.5625224024085269,
      "p": 0.014853770186017237
    },
    "capabilities_entropy": {
      "coef": 1.2879829266357556,
      "p": 0.00026044908509965405
    }
  },
  "claude-3-sonnet-20240229": {
    "team_acc_lift": {
      "lift": -0.006666666666666654,
      "ci_lo": -0.05286020306450345,
      "ci_hi": 0.039526869731170144
    },
    "introspection_score": {
      "mcc": 0.06994411088864874,
      "p": 0.157
    },
    "self_acc_lift": {
      "lift": 0.12412698412698409,
      "p": 0.09311308686232017
    },
    "normed_self_acc_lift": {
      "lift": 0.17845732542218162,
      "ci_lo": -0.026928343222272985,
      "ci_hi": 0.3838429940666362
    },
    "single_point_auc": {
      "auc": 0.14692917879619594,
      "ci_lo": -0.053851489552492526,
      "ci_hi": 0.3477098471448844
    },
    "s_i_capability": {
      "coef": -0.6406954957161543,
      "p": 0.059986140773008324
    }
  },
  "claude-opus-4-1-20250805": {
    "team_acc_lift": {
      "lift": -0.09555555555555562,
      "ci_lo": -0.14161602232697157,
      "ci_hi": -0.05092461819210814
    },
    "introspection_score": {
      "mcc": 0.06604929858455512,
      "p": 0.156
    },
    "self_acc_lift": {
      "lift": 0.10637188208616788,
      "p": 0.0011871576290209565
    },
    "normed_self_acc_lift": {
      "lift": 0.33709399252658834,
      "ci_lo": 0.14307272204656513,
      "ci_hi": 0.5149468237999427
    },
    "single_point_auc": {
      "auc": 0.14278826541482803,
      "ci_lo": -0.05602017455856498,
      "ci_hi": 0.34159670538822107
    },
    "s_i_capability": {
      "coef": -0.32873724849045144,
      "p": 0.13242976046301908
    }
  },
  "claude-sonnet-4-20250514": {
    "team_acc_lift": {
      "lift": 0.02444444444444449,
      "ci_lo": -0.02117465611431546,
      "ci_hi": 0.06795687008619844
    },
    "introspection_score": {
      "mcc": 0.20264026144420996,
      "p": 0.0
    },
    "self_acc_lift": {
      "lift": 0.35169590643274856,
      "p": 1.1569908951984506e-07
    },
    "normed_self_acc_lift": {
      "lift": 0.6255460786353236,
      "ci_lo": 0.43831911795298534,
      "ci_hi": 0.8127730393176619
    },
    "single_point_auc": {
      "auc": 0.410464188535303,
      "ci_lo": 0.22422932963305878,
      "ci_hi": 0.5966990474375472
    },
    "s_i_capability": {
      "coef": -1.303562679320802,
      "p": 5.1160538641771334e-05
    }
  },
  "deepseek-chat": {
    "cap_entropy_diff": 0.3417726775637322,
    "team_acc_lift": {
      "lift": 0.016853932584269704,
      "ci_lo": -0.029520629370335838,
      "ci_hi": 0.0629400020802715
    },
    "introspection_score": {
      "mcc": 0.0691088863673852,
      "p": 0.156
    },
    "self_acc_lift": {
      "lift": 0.10909547423262828,
      "p": 0.0043129126800260315
    },
    "normed_self_acc_lift": {
      "lift": 0.20658504695114718,
      "ci_lo": 0.06905978842267915,
      "ci_hi": 0.344110305479615
    },
    "single_point_auc": {
      "auc": 0.13845350691468172,
      "ci_lo": -0.04766283930583129,
      "ci_hi": 0.3245698531351947
    },
    "full_auc": {
      "auc": 0.6962027974965346,
      "ci_lo": 0.6438640602012695,
      "ci_hi": 0.7458065308842778
    },
    "calibration_auc": {
      "auc": 0.668693009118541,
      "ci_lo": 0.616847232792553,
      "ci_hi": 0.7158023755661047
    },
    "calibration_entropy_auc": {
      "auc": 0.6684701114488348,
      "ci_lo": 0.6169474608567659,
      "ci_hi": 0.7149924657635814
    },
    "s_i_capability": {
      "coef": -0.43627566722872474,
      "p": 0.03807486090975198
    },
    "capabilities_entropy": {
      "coef": 1.2439398733187619,
      "p": 1.8889517226884352e-10
    }
  },
  "gemini-1.5-pro": {
    "team_acc_lift": {
      "lift": -0.05999999999999994,
      "ci_lo": -0.10536173270013682,
      "ci_hi": -0.017008276581494952
    },
    "introspection_score": {
      "mcc": 0.05120416551160933,
      "p": 0.272
    },
    "self_acc_lift": {
      "lift": -0.03244755244755243,
      "p": 0.45232672214259534
    },
    "normed_self_acc_lift": {
      "lift": -0.06239913932221621,
      "ci_lo": -0.21032813340505646,
      "ci_hi": 0.0989779451317913
    },
    "single_point_auc": {
      "auc": 0.1024736631580534,
      "ci_lo": -0.08246152079571634,
      "ci_hi": 0.28740884711182313
    },
    "s_i_capability": {
      "coef": -0.2561000836620395,
      "p": 0.22127529268664614
    }
  },
  "gemini-2.0-flash-001": {
    "cap_entropy_diff": 0.1624728528819584,
    "team_acc_lift": {
      "lift": -0.3088888888888889,
      "ci_lo": -0.33469733414582353,
      "ci_hi": -0.2764970845163104
    },
    "introspection_score": {
      "mcc": -0.018776122962345435,
      "p": 0.687
    },
    "self_acc_lift": {
      "lift": 0.03232323232323231,
      "p": 1.0
    },
    "normed_self_acc_lift": {
      "lift": 0.05594405594405592,
      "ci_lo": -0.4160839160839161,
      "ci_hi": 0.527972027972028
    },
    "single_point_auc": {
      "auc": -0.03843724758608791,
      "ci_lo": -0.2255015304877073,
      "ci_hi": 0.14862703531553148
    },
    "full_auc": {
      "auc": 0.8504866431973493,
      "ci_lo": 0.7506587262906395,
      "ci_hi": 0.9313356164383562
    },
    "calibration_auc": {
      "auc": 0.6244129554655871,
      "ci_lo": 0.57426144691992,
      "ci_hi": 0.6764544972499513
    },
    "calibration_entropy_auc": {
      "auc": 0.6298785425101214,
      "ci_lo": 0.5798049270990447,
      "ci_hi": 0.6821643381077401
    },
    "s_i_capability": {
      "coef": 0.39468228835836205,
      "p": 0.5414033778976504
    }
  },