{
  "claude-3-5-sonnet-20241022": {
    "team_acc_lift": {
      "lift": -0.2251989389920424,
      "ci_lo": -0.2750980406230621,
      "ci_hi": -0.1747914857400471
    },
    "introspection_score": {
      "mcc": 0.12414434024259241,
      "p": 0.017
    },
    "self_acc_lift": {
      "lift": 0.08328912466843502,
      "p": 0.004786867649762487
    },
    "normed_self_acc_lift": {
      "lift": 0.10328947368421054,
      "ci_lo": 0.026973684210526323,
      "ci_hi": 0.18596491228070175
    },
    "single_point_auc": {
      "auc": 0.3181132238758597,
      "ci_lo": 0.06265461417400581,
      "ci_hi": 0.5735718335777136
    },
    "s_i_capability": {
      "coef": -0.8750046571145929,
      "p": 0.0023720593487873147
    }
  },
  "claude-3-haiku-20240307": {
    "team_acc_lift": {
      "lift": 0.0026315789473684154,
      "ci_lo": -0.024010681173566348,
      "ci_hi": 0.037227510518009654
    },
    "introspection_score": {
      "mcc": 0.08020232137591836,
      "p": 0.229
    },
    "self_acc_lift": {
      "lift": 0.0923444976076555,
      "p": 0.12831457686005285
    },
    "normed_self_acc_lift": {
      "lift": 0.10141881240147137,
      "ci_lo": -0.04834471886495008,
      "ci_hi": 0.3011035207567
    },
    "single_point_auc": {
      "auc": 0.2399891913743108,
      "ci_lo": -0.1122700386003293,
      "ci_hi": 0.592248421348951
    },
    "s_i_capability": {
      "coef": -1.355553782652708,
      "p": 0.03324237725732657
    }
  },
  "claude-3-sonnet-20240229": {
    "team_acc_lift": {
      "lift": -0.006201550387596899,
      "ci_lo": -0.042494633090657014,
      "ci_hi": 0.03611065142424888
    },
    "introspection_score": {
      "mcc": 0.02002996927248796,
      "p": 0.756
    },
    "self_acc_lift": {
      "lift": 0.04724990771502399,
      "p": 0.3790129926059407
    },
    "normed_self_acc_lift": {
      "lift": 0.052244897959183675,
      "ci_lo": -0.07412244897959183,
      "ci_hi": 0.21020408163265306
    },
    "single_point_auc": {
      "auc": 0.06568552493779645,
      "ci_lo": -0.27313420294218715,
      "ci_hi": 0.40450525281778005
    },
    "s_i_capability": {
      "coef": -0.5433551472075147,
      "p": 0.3589942928245332
    }
  },
  "claude-opus-4-1-20250805": {
    "team_acc_lift": {
      "lift": -0.021621621621621623,
      "ci_lo": -0.06483492779898958,
      "ci_hi": 0.02614629086356768
    },
    "introspection_score": {
      "mcc": 0.23309871798126583,
      "p": 0.0
    },
    "self_acc_lift": {
      "lift": 0.11935483870967745,
      "p": 0.0015611939465095593
    },
    "normed_self_acc_lift": {
      "lift": 0.17050691244239635,
      "ci_lo": 0.05069124423963139,
      "ci_hi": 0.28110599078341014
    },
    "single_point_auc": {
      "auc": 0.5084141078704218,
      "ci_lo": 0.28606387858797233,
      "ci_hi": 0.7307643371528714
    },
    "s_i_capability": {
      "coef": -0.932584484392275,
      "p": 0.00045814418781389764
    }
  },
  "claude-sonnet-4-20250514": {
    "team_acc_lift": {
      "lift": -0.180327868852459,
      "ci_lo": -0.226019985659636,
      "ci_hi": -0.13088970321328186
    },
    "introspection_score": {
      "mcc": 0.14510092985854067,
      "p": 0.002
    },
    "self_acc_lift": {
      "lift": 0.003755688360107423,
      "p": 0.8964342089262686
    },
    "normed_self_acc_lift": {
      "lift": 0.0051482469655405125,
      "ci_lo": -0.06362030739168018,
      "ci_hi": 0.07850137161324261
    },
    "single_point_auc": {
      "auc": 0.3571499908818523,
      "ci_lo": 0.1265201997223538,
      "ci_hi": 0.5877797820413508
    },
    "s_i_capability": {
      "coef": -0.9089520174830188,
      "p": 0.021794863433232812
    }
  },
  "deepseek-chat": {
    "cap_entropy_diff": 9.811887791914057e-09,
    "team_acc_lift": {
      "lift": -0.4623711340206186,
      "ci_lo": -0.5076298088491065,
      "ci_hi": -0.4139288143226629
    },
    "introspection_score": {
      "mcc": 0.0787907268170426,
      "p": 0.091
    },
    "self_acc_lift": {
      "lift": -0.005968529571351078,
      "p": 0.8348366596093861
    },
    "normed_self_acc_lift": {
      "lift": -0.007617728531855981,
      "ci_lo": -0.06639542936288088,
      "ci_hi": 0.05115997229916899
    },
    "single_point_auc": {
      "auc": 0.20012931855447036,
      "ci_lo": -0.041465446138315876,
      "ci_hi": 0.4417240832472566
    },
    "full_auc": {
      "auc": 0.49673010651629074,
      "ci_lo": 0.4761934132205514,
      "ci_hi": 0.5206596360628619
    },
    "calibration_auc": {
      "auc": 0.4960056390977443,
      "ci_lo": 0.4688707307958584,
      "ci_hi": 0.5186944522534238
    },
    "calibration_entropy_auc": {
      "auc": 0.5006673340006674,
      "ci_lo": 0.485054357493382,
      "ci_hi": 0.5116676421404682
    },
    "s_i_capability": {
      "coef": -0.49688156343291895,
      "p": 0.21071262195021712
    },
    "capabilities_entropy": {
      "coef": 146.13404086291155,
      "p": 0.9999465340255632
    }
  },
  "gemini-1.5-pro": {
    "team_acc_lift": {
      "lift": -0.22383419689119174,
      "ci_lo": -0.25859436105656136,
      "ci_hi": -0.18269197302466433
    },
    "introspection_score": {
      "mcc": 0.08019881268897532,
      "p": 0.06
    },
    "self_acc_lift": {
      "lift": -0.007306450401742132,
      "p": 0.7679443060933573
    },
    "normed_self_acc_lift": {
      "lift": -0.0086778149386845,
      "ci_lo": -0.04998885172798217,
      "ci_hi": 0.03607580824972129
    },
    "single_point_auc": {
      "auc": 0.25071031036499747,
      "ci_lo": -0.02277571863816924,
      "ci_hi": 0.5241963393681641
    },
    "s_i_capability": {
      "coef": -1.096529441179093,
      "p": 0.09897370836199211
    }
  },
  "gemini-2.0-flash-001": {
    "cap_entropy_diff": 0.07243132072717601,
    "team_acc_lift": {
      "lift": -0.046486486486486484,
      "ci_lo": -0.07491556578278542,
      "ci_hi": -0.010114618141182169
    },
    "introspection_score": {
      "mcc": 0.053535034400994656,
      "p": 0.357
    },
    "self_acc_lift": {
      "lift": 0.11906906906906908,
      "p": 0.08377262579121614
    },
    "normed_self_acc_lift": {
      "lift": 0.14636397194536732,
      "ci_lo": -0.02436323366555927,
      "ci_hi": 0.31709117755629385
    },
    "single_point_auc": {
      "auc": 0.13067815646124425,
      "ci_lo": -0.13092390374734714,
      "ci_hi": 0.39228021666983565
    },
    "full_auc": {
      "auc": 0.5787591483699268,
      "ci_lo": 0.4623385996137661,
      "ci_hi": 0.6891251289949687
    },
    "calibration_auc": {
      "auc": 0.5930954788386538,
      "ci_lo": 0.5190228624104056,
      "ci_hi": 0.6638088086238569
    },
    "calibration_entropy_auc": {
      "auc": 0.5983026137665313,
      "ci_lo": 0.5230597014925372,
      "ci_hi": 0.6720239495410728
    },
    "s_i_capability": {
      "coef": -0.3992616093331803,
      "p": 0.35194582140279584
    },
    "capabilities_entropy": {
      "coef": 0.19575156694394852,
      "p": 0.7545547675857085
    }
  },
  "gemini-2.5-flash-lite_nothink": {
    "cap_entropy_diff": 0.19788639057190177,
    "team_acc_lift": {
      "lift": -0.01948453608247422,
      "ci_lo": -0.04559651169659015,
      "ci_hi": 0.014460216591443115
    },
    "introspection_score": {
      "mcc": 0.06652662026669744,
      "p": 0.236
    },
    "self_acc_lift": {
      "lift": -0.0334020618556701,
      "p": 0.32142047066755275
    },
    "normed_self_acc_lift": {
      "lift": -0.037674418604651164,
      "ci_lo": -0.08279069767441861,
      "ci_hi": 0.016465116279069773
    },
    "single_point_auc": {
      "auc": 0.20469944738533297,
      "ci_lo": -0.10910449418329843,
      "ci_hi": 0.5185033889539643
    },
    "full_auc": {
      "auc": 0.705125475285171,
      "ci_lo": 0.6462679712465699,
      "ci_hi": 0.7595895134996165
    },
    "calibration_auc": {
      "auc": 0.5907769556025371,
      "ci_lo": 0.49863579322421314,
      "ci_hi": 0.6844920985366976
    },
    "calibration_entropy_auc": {
      "auc": 0.6010330578512397,