{
  "claude-3-5-sonnet-20241022": {
    "team_acc_lift": {
      "lift": -0.2251989389920424,
      "ci_lo": -0.2750980406230621,
      "ci_hi": -0.1747914857400471
    },
    "introspection_score": {
      "mcc": 0.12414434024259241,
      "p": 0.017
    },
    "self_acc_lift": {
      "lift": 0.08328912466843502,
      "p": 0.004786867649762487
    },
    "normed_self_acc_lift": {
      "lift": 0.10328947368421054,
      "ci_lo": 0.026973684210526323,
      "ci_hi": 0.18596491228070175
    },
    "single_point_auc": {
      "auc": 0.3181132238758597,
      "ci_lo": 0.06265461417400581,
      "ci_hi": 0.5735718335777136
    },
    "s_i_capability": {
      "coef": -0.8750046571145929,
      "p": 0.0023720593487873147
    }
  },
  "claude-3-haiku-20240307": {
    "team_acc_lift": {
      "lift": 0.0057934508816120805,
      "ci_lo": -0.02077470762436498,
      "ci_hi": 0.039917355890166456
    },
    "introspection_score": {
      "mcc": 0.08324526511225637,
      "p": 0.203
    },
    "self_acc_lift": {
      "lift": 0.09617586443782918,
      "p": 0.11385495871651105
    },
    "normed_self_acc_lift": {
      "lift": 0.10518407212622088,
      "ci_lo": -0.0439519158527423,
      "ci_hi": 0.3040320560981718
    },
    "single_point_auc": {
      "auc": 0.2510844684589135,
      "ci_lo": -0.10043596359031615,
      "ci_hi": 0.6026049005081432
    }
  },
  "claude-3-sonnet-20240229": {
    "team_acc_lift": {
      "lift": -0.008564231738035277,
      "ci_lo": -0.04423552515415463,
      "ci_hi": 0.033021304148152575
    },
    "introspection_score": {
      "mcc": 0.0225541882248389,
      "p": 0.689
    },
    "self_acc_lift": {
      "lift": 0.04965815041381791,
      "p": 0.373423430887754
    },
    "normed_self_acc_lift": {
      "lift": 0.05476190476190475,
      "ci_lo": -0.07126984126984127,
      "ci_hi": 0.18079365079365076
    },
    "single_point_auc": {
      "auc": 0.07439992257738404,
      "ci_lo": -0.26396959483883364,
      "ci_hi": 0.4127694399936017
    },
    "s_i_capability": {
      "coef": -0.5618959068101997,
      "p": 0.3431904421711137
    }
  },
  "claude-opus-4-1-20250805": {
    "team_acc_lift": {
      "lift": -0.021621621621621623,
      "ci_lo": -0.06483492779898958,
      "ci_hi": 0.02614629086356768
    },
    "introspection_score": {
      "mcc": 0.23309871798126583,
      "p": 0.0
    },
    "self_acc_lift": {
      "lift": 0.11935483870967745,
      "p": 0.0015611939465095593
    },
    "normed_self_acc_lift": {
      "lift": 0.17050691244239635,
      "ci_lo": 0.05069124423963139,
      "ci_hi": 0.28110599078341014
    },
    "single_point_auc": {
      "auc": 0.5084141078704218,
      "ci_lo": 0.28606387858797233,
      "ci_hi": 0.7307643371528714
    },
    "s_i_capability": {
      "coef": -0.932584484392275,
      "p": 0.00045814418781389764
    }
  },
  "claude-sonnet-4-20250514": {
    "team_acc_lift": {
      "lift": -0.17758186397984888,
      "ci_lo": -0.2216681060679393,
      "ci_hi": -0.13009191500082107
    },
    "introspection_score": {
      "mcc": 0.19237474737670318,
      "p": 0.0
    },
    "self_acc_lift": {
      "lift": 0.02276087046289796,
      "p": 0.35464296153478503
    },
    "normed_self_acc_lift": {
      "lift": 0.03032236769721641,
      "ci_lo": -0.03519639124216086,
      "ci_hi": 0.10020904389921885
    },
    "single_point_auc": {
      "auc": 0.4993518062573732,
      "ci_lo": 0.27198994542277555,
      "ci_hi": 0.7267136670919708
    },
    "s_i_capability": {
      "coef": -1.138922999167128,
      "p": 0.003604993256412409
    }
  },
  "deepseek-chat": {
    "cap_entropy_diff": 9.553672238236795e-09,
    "team_acc_lift": {
      "lift": -0.45491183879093205,
      "ci_lo": -0.4999900426604609,
      "ci_hi": -0.40686444380377706
    },
    "introspection_score": {
      "mcc": 0.09176635852238015,
      "p": 0.043
    },
    "self_acc_lift": {
      "lift": -0.002436574965838545,
      "p": 1.0
    },
    "normed_self_acc_lift": {
      "lift": -0.0030904800684917006,
      "ci_lo": -0.061120507841049075,
      "ci_hi": 0.05493954770406564
    },
    "single_point_auc": {
      "auc": 0.23670282466473758,
      "ci_lo": -0.004138791347384763,
      "ci_hi": 0.4775444406768599
    },
    "full_auc": {
      "auc": 0.49378725849314087,
      "ci_lo": 0.47310033350381453,
      "ci_hi": 0.5171966598072676
    },
    "calibration_auc": {
      "auc": 0.49710938688574463,
      "ci_lo": 0.4696277050347247,
      "ci_hi": 0.5193384630274874
    },
    "calibration_entropy_auc": {
      "auc": 0.5004873294346979,
      "ci_lo": 0.48474841400886415,
      "ci_hi": 0.5115131578947368
    },
    "s_i_capability": {
      "coef": -0.5632416731659745,
      "p": 0.14514939445616343
    },
    "capabilities_entropy": {
      "coef": 187.36838537955026,
      "p": 0.9999215345627994
    }
  },
  "gemini-1.5-pro": {
    "team_acc_lift": {
      "lift": -0.22115869017632245,
      "ci_lo": -0.2557222836310768,
      "ci_hi": -0.1804394565996601
    },
    "introspection_score": {
      "mcc": 0.0836780518443874,
      "p": 0.062
    },
    "self_acc_lift": {
      "lift": -0.003510749887613185,
      "p": 0.941142063290763
    },
    "normed_self_acc_lift": {
      "lift": -0.004148118170781055,
      "ci_lo": -0.047661203291514916,
      "ci_hi": 0.04271212734385537
    },
    "single_point_auc": {
      "auc": 0.2664374084932355,
      "ci_lo": -0.006340244407996909,
      "ci_hi": 0.539215061394468
    },
    "s_i_capability": {
      "coef": -1.1342571500772585,
      "p": 0.0888860607626025
    }
  },
  "gemini-2.0-flash-001": {
    "cap_entropy_diff": 0.07243132072717601,
    "team_acc_lift": {
      "lift": -0.046486486486486484,
      "ci_lo": -0.07491556578278542,
      "ci_hi": -0.010114618141182169
    },
    "introspection_score": {
      "mcc": 0.053535034400994656,
      "p": 0.357
    },
    "self_acc_lift": {
      "lift": 0.11906906906906908,
      "p": 0.08377262579121614
    },
    "normed_self_acc_lift": {
      "lift": 0.14636397194536732,
      "ci_lo": -0.02436323366555927,
      "ci_hi": 0.31709117755629385
    },
    "single_point_auc": {
      "auc": 0.13067815646124425,
      "ci_lo": -0.13092390374734714,
      "ci_hi": 0.39228021666983565
    },
    "full_auc": {
      "auc": 0.5787591483699268,
      "ci_lo": 0.4623385996137661,
      "ci_hi": 0.6891251289949687
    },
    "calibration_auc": {
      "auc": 0.5930954788386538,
      "ci_lo": 0.5190228624104056,
      "ci_hi": 0.6638088086238569
    },
    "calibration_entropy_auc": {
      "auc": 0.5983026137665313,
      "ci_lo": 0.5230597014925372,
      "ci_hi": 0.6720239495410728
    },
    "s_i_capability": {
      "coef": -0.3992616093331803,
      "p": 0.35194582140279584
    },
    "capabilities_entropy": {
      "coef": 0.19575156694394852,
      "p": 0.7545547675857085
    }
  },
  "gemini-2.5-flash-lite_nothink": {
    "cap_entropy_diff": 0.19788639057190177,
    "team_acc_lift": {
      "lift": -0.009175257731958764,
      "ci_lo": -0.03667494270561995,
      "ci_hi": 0.025955068119315416
    },
    "introspection_score": {
      "mcc": 0.06652662026669744,
      "p": 0.236
    },
    "self_acc_lift": {
      "lift": -0.0334020618556701,
      "p": 0.32142047066755275
    },
    "normed_self_acc_lift": {
      "lift": -0.037674418604651164,
      "ci_lo": -0.08279069767441861,
      "ci_hi": 0.016465116279069773
    },
    "single_point_auc": {
      "auc": 0.20469944738533297,
      "ci_lo": -0.10910449418329843,
      "ci_hi": 0.5185033889539643
    },
    "full_auc": {
      "auc": 0.705125475285171,
      "ci_lo": 0.6462679712465699,
      "ci_hi": 0.7595895134996165
    },
    "calibration_auc": {
      "auc": 0.5907769556025371,
      "ci_lo": 0.49863579322421314,
      "ci_hi": 0.6844920985366976
    },
    "calibration_entropy_auc": {
      "auc": 0.6010330578512397,
      "ci_lo": 0.5044334252737768,
      "ci_hi": 0.6969125588733671
    },