{
  "claude-3-5-sonnet-20241022": {
    "team_acc_lift": {
      "lift": 0.006000000000000005,
      "ci_lo": -0.037823776706258416,
      "ci_hi": 0.04982377670625848
    },
    "introspection_score": {
      "mcc": 0.13084604652877269,
      "p": 0.009
    },
    "self_acc_lift": {
      "lift": 0.32938461538461544,
      "p": 0.000630621753521291
    },
    "normed_self_acc_lift": {
      "lift": 0.4613229907347555,
      "ci_lo": 0.1919844861021332,
      "ci_hi": 0.7306614953673777
    },
    "single_point_auc": {
      "auc": 0.2677098008434072,
      "ci_lo": 0.07374140844416252,
      "ci_hi": 0.4616781932426518
    },
    "s_i_capability": {
      "coef": -1.1545574241158103,
      "p": 0.0066728065026109935
    }
  },
  "claude-3-haiku-20240307": {
    "team_acc_lift": {
      "lift": -0.05299999999999999,
      "ci_lo": -0.09658001710876213,
      "ci_hi": -0.009419982891237855
    },
    "introspection_score": {
      "mcc": 0.2642168954481292,
      "p": 0.0
    },
    "self_acc_lift": {
      "lift": 0.11872289156626506,
      "p": 0.00016585065270429848
    },
    "normed_self_acc_lift": {
      "lift": 0.12657024687235083,
      "ci_lo": 0.04918180183420251,
      "ci_hi": 0.2164821332237265
    },
    "single_point_auc": {
      "auc": 0.8986412012806075,
      "ci_lo": 0.5351734995131062,
      "ci_hi": 1.2621089030481087
    }
  },
  "claude-3-sonnet-20240229": {
    "team_acc_lift": {
      "lift": -0.007000000000000006,
      "ci_lo": -0.05082263710914714,
      "ci_hi": 0.03682263710914713
    },
    "introspection_score": {
      "mcc": 0.1815882264407059,
      "p": 0.013
    },
    "self_acc_lift": {
      "lift": 0.2678260869565217,
      "p": 0.0002742655472693867
    },
    "normed_self_acc_lift": {
      "lift": 0.2911153119092627,
      "ci_lo": 0.10207939508506615,
      "ci_hi": 0.5274102079395084
    },
    "single_point_auc": {
      "auc": 0.48801307386625625,
      "ci_lo": 0.16492257887507777,
      "ci_hi": 0.8111035688574347
    },
    "s_i_capability": {
      "coef": -1.7572557023030737,
      "p": 0.00038140231492540854
    }
  },
  "claude-sonnet-4-20250514": {
    "team_acc_lift": {
      "lift": -0.0010000000000000009,
      "ci_lo": -0.0448268447050435,
      "ci_hi": 0.0428268447050435
    },
    "introspection_score": {
      "mcc": 0.15786262519896282,
      "p": 0.002
    },
    "self_acc_lift": {
      "lift": 0.3271794871794872,
      "p": 1.958250670277842e-06
    },
    "normed_self_acc_lift": {
      "lift": 0.3894993894993895,
      "ci_lo": 0.20634920634920634,
      "ci_hi": 0.5726495726495727
    },
    "single_point_auc": {
      "auc": 0.3702866270842254,
      "ci_lo": 0.13119550264808333,
      "ci_hi": 0.6093777515203674
    },
    "s_i_capability": {
      "coef": -1.2166740900309105,
      "p": 0.0010840981990494498
    }
  },
  "deepseek-chat": {
    "cap_entropy_diff": 0.0,
    "team_acc_lift": {
      "lift": -0.10245901639344263,
      "ci_lo": -0.1458801211076331,
      "ci_hi": -0.05903791167925215
    },
    "introspection_score": {
      "mcc": 0.10019047578774122,
      "p": 0.033
    },
    "self_acc_lift": {
      "lift": 0.04421915444348576,
      "p": 0.1403153820106588
    },
    "normed_self_acc_lift": {
      "lift": 0.05476890195030724,
      "ci_lo": -0.01693828479829013,
      "ci_hi": 0.132994923857868
    },
    "single_point_auc": {
      "auc": 0.25111330191188763,
      "ci_lo": 0.02613223896909478,
      "ci_hi": 0.4760943648546805
    },
    "full_auc": {
      "auc": 0.49736842105263157,
      "ci_lo": 0.4914760551948052,
      "ci_hi": 0.5
    },
    "calibration_auc": {
      "auc": 0.501269035532995,
      "ci_lo": 0.5,
      "ci_hi": 0.5039267015706806
    },
    "calibration_entropy_auc": {
      "auc": 0.5,
      "ci_lo": 0.5,
      "ci_hi": 0.5
    },
    "s_i_capability": {
      "coef": -0.6285709896430725,
      "p": 0.011205836817147772
    }
  },
  "gemini-1.5-pro": {
    "team_acc_lift": {
      "lift": -0.28600000000000003,
      "ci_lo": -0.32194919989095727,
      "ci_hi": -0.2500508001090428
    },
    "introspection_score": {
      "mcc": 0.1552727691275669,
      "p": 0.0
    },
    "self_acc_lift": {
      "lift": -0.014862559241706153,
      "p": 0.44374464939402347
    },
    "normed_self_acc_lift": {
      "lift": -0.01803708645838125,
      "ci_lo": -0.05829844016012515,
      "ci_hi": 0.025100078222058637
    },
    "single_point_auc": {
      "auc": 0.5101878043811476,
      "ci_lo": 0.28002075565198337,
      "ci_hi": 0.7403548531103119
    },
    "s_i_capability": {
      "coef": -1.9201407077444659,
      "p": 0.001563431678642523
    }
  },
  "gemini-2.0-flash-001": {
    "cap_entropy_diff": 0.31771416321564744,
    "team_acc_lift": {
      "lift": -0.03222222222222221,
      "ci_lo": -0.07832383404756271,
      "ci_hi": 0.013879389603118297
    },
    "introspection_score": {
      "mcc": 0.0942511391383561,
      "p": 0.071
    },
    "self_acc_lift": {
      "lift": 0.0513302034428795,
      "p": 0.33346985063665857
    },
    "normed_self_acc_lift": {
      "lift": 0.06793703396851698,
      "ci_lo": -0.06255178127589064,
      "ci_hi": 0.19842584921292458
    },
    "single_point_auc": {
      "auc": 0.210120151343259,
      "ci_lo": -0.004869990783212291,
      "ci_hi": 0.4251102934697303
    },
    "full_auc": {
      "auc": 0.649522464602921,
      "ci_lo": 0.5788160698419349,
      "ci_hi": 0.719842029329618
    },
    "calibration_auc": {
      "auc": 0.771818181818182,
      "ci_lo": 0.7244607417728095,
      "ci_hi": 0.8171884442538995
    },
    "calibration_entropy_auc": {
      "auc": 0.7718181818181818,
      "ci_lo": 0.7244607417728095,
      "ci_hi": 0.8171884442538995
    },
    "s_i_capability": {
      "coef": -0.5664916447443795,
      "p": 0.048714917577748214
    },
    "capabilities_entropy": {
      "coef": 1.4617563893269754,
      "p": 0.01321336092807643
    }
  },
  "gemini-2.5-flash-preview-04-17": {
    "team_acc_lift": {
      "lift": -0.11995967741935482,
      "ci_lo": -0.16267776422788172,
      "ci_hi": -0.07724159061082791
    },
    "introspection_score": {
      "mcc": 0.11773993124203354,
      "p": 0.001
    },
    "self_acc_lift": {
      "lift": 0.010359801488833753,
      "p": 0.6601373242569821
    },
    "normed_self_acc_lift": {
      "lift": 0.016158684083212395,
      "ci_lo": -0.052401686363950525,
      "ci_hi": 0.08137673647107559
    },
    "single_point_auc": {
      "auc": 0.2669582473140317,
      "ci_lo": 0.08348811755358546,
      "ci_hi": 0.450428377074478
    },
    "s_i_capability": {
      "coef": -1.2041033036826951,
      "p": 0.006237424158357516
    }
  },
  "gpt-4.1-2025-04-14": {
    "cap_entropy_diff": 0.0699234791052858,
    "team_acc_lift": {
      "lift": -0.12525050100200402,
      "ci_lo": -0.16772256367576993,
      "ci_hi": -0.08277843832823811
    },
    "introspection_score": {
      "mcc": 0.09162909684078484,
      "p": 0.024
    },
    "self_acc_lift": {
      "lift": -0.015833020442691248,
      "p": 0.523522206334688
    },
    "normed_self_acc_lift": {
      "lift": -0.02532268333622735,
      "ci_lo": -0.09391821496787632,
      "ci_hi": 0.0468831394339295
    },
    "single_point_auc": {
      "auc": 0.1970449286513789,
      "ci_lo": 0.015785643224351664,
      "ci_hi": 0.37830421407840614
    },
    "full_auc": {
      "auc": 0.5842067075137053,
      "ci_lo": 0.5147664965740488,
      "ci_hi": 0.653061825404923
    },
    "calibration_auc": {
      "auc": 0.6925990675990675,
      "ci_lo": 0.647523641028603,
      "ci_hi": 0.7388435129521922
    },
    "calibration_entropy_auc": {
      "auc": 0.6916106401636949,
      "ci_lo": 0.64458829271133,
      "ci_hi": 0.7406597776677569
    },
    "s_i_capability": {
      "coef": -0.7118261040365073,
      "p": 0.032841539442501656
    },
    "capabilities_entropy": {
      "coef": 0.27422804917841764,
      "p": 0.716663096479312
    }
  },