{
  "claude-3-5-sonnet-20241022": {
    "cap_entropy_diff": 0.49612428632136707,
    "team_acc_lift": {
      "lift": -0.05499999999999994,
      "ci_lo": -0.09864907238418696,
      "ci_hi": -0.011350927615812911
    },
    "introspection_score": {
      "mcc": 0.1595538728620102,
      "p": 0.0
    },
    "self_acc_lift": {
      "lift": 0.1777777777777778,
      "p": 0.0009144114930507792
    },
    "normed_self_acc_lift": {
      "lift": 0.44444444444444453,
      "ci_lo": 0.19753086419753096,
      "ci_hi": 0.6604938271604938
    },
    "single_point_auc": {
      "auc": 0.3426823280918506,
      "ci_lo": 0.16376291372013493,
      "ci_hi": 0.5216017424635663
    },
    "full_auc": {
      "auc": 0.8254073484781521,
      "ci_lo": 0.7793756784588253,
      "ci_hi": 0.8705327638579871
    },
    "calibration_auc": {
      "auc": 0.7482333333333333,
      "ci_lo": 0.7065261286839418,
      "ci_hi": 0.7874132283680013
    },
    "calibration_entropy_auc": {
      "auc": 0.7469333333333334,
      "ci_lo": 0.7042713466277293,
      "ci_hi": 0.788273677525568
    },
    "s_i_capability": {
      "coef": -0.936117629030213,
      "p": 0.0014941026192232276
    },
    "capabilities_entropy": {
      "coef": 2.920125765702502,
      "p": 7.696733042104002e-13
    }
  },
  "claude-3-haiku-20240307": {
    "cap_entropy_diff": 0.0031767360235029907,
    "team_acc_lift": {
      "lift": -0.14900000000000002,
      "ci_lo": -0.19083569381281973,
      "ci_hi": -0.10716430618718031
    },
    "introspection_score": {
      "mcc": -0.009937078300849167,
      "p": 0.818
    },
    "self_acc_lift": {
      "lift": -0.008371191135734035,
      "p": 0.7744798667433188
    },
    "normed_self_acc_lift": {
      "lift": -0.011993110509647615,
      "ci_lo": -0.07549071744358633,
      "ci_hi": 0.05944169729103335
    },
    "single_point_auc": {
      "auc": -0.021598607441262185,
      "ci_lo": -0.21251002661743468,
      "ci_hi": 0.1693128117349103
    },
    "full_auc": {
      "auc": 0.5782100081707487,
      "ci_lo": 0.5295200565448779,
      "ci_hi": 0.6266723561174525
    },
    "calibration_auc": {
      "auc": 0.4826562173855291,
      "ci_lo": 0.43553831847938806,
      "ci_hi": 0.5267065187731147
    },
    "calibration_entropy_auc": {
      "auc": 0.48330139091823376,
      "ci_lo": 0.43675027738308514,
      "ci_hi": 0.5269416461032442
    },
    "s_i_capability": {
      "coef": 0.0230909688711701,
      "p": 0.9172872469038225
    },
    "capabilities_entropy": {
      "coef": 1.2766472572668288,
      "p": 0.00023196126877574727
    }
  },
  "claude-3-sonnet-20240229": {
    "team_acc_lift": {
      "lift": -0.07300000000000001,
      "ci_lo": -0.11635730880947293,
      "ci_hi": -0.029642691190527093
    },
    "introspection_score": {
      "mcc": 0.01933783647150053,
      "p": 0.685
    },
    "self_acc_lift": {
      "lift": 0.0008128342245989351,
      "p": 1.0
    },
    "normed_self_acc_lift": {
      "lift": 0.001167865265228355,
      "ci_lo": -0.09103202409490443,
      "ci_hi": 0.10105107873870553
    },
    "single_point_auc": {
      "auc": 0.04195552738452846,
      "ci_lo": -0.14860005550774216,
      "ci_hi": 0.23251111027679908
    },
    "s_i_capability": {
      "coef": -0.22069034701763035,
      "p": 0.29528063588241915
    }
  },
  "claude-opus-4-1-20250805": {
    "team_acc_lift": {
      "lift": -0.129,
      "ci_lo": -0.17256097244093616,
      "ci_hi": -0.08543902755906385
    },
    "introspection_score": {
      "mcc": 0.12965425755588972,
      "p": 0.002
    },
    "self_acc_lift": {
      "lift": 0.06829357798165137,
      "p": 0.14876865444715193
    },
    "normed_self_acc_lift": {
      "lift": 0.21611891766345373,
      "ci_lo": -0.0451747764487286,
      "ci_hi": 0.4774126117756357
    },
    "single_point_auc": {
      "auc": 0.29249453860256025,
      "ci_lo": 0.1039597507151625,
      "ci_hi": 0.481029326489958
    },
    "s_i_capability": {
      "coef": -0.8977865977145532,
      "p": 0.001229076463615599
    }
  },
  "claude-sonnet-4-20250514": {
    "team_acc_lift": {
      "lift": 0.02300000000000002,
      "ci_lo": -0.02078053890942866,
      "ci_hi": 0.0667805389094287
    },
    "introspection_score": {
      "mcc": 0.17996760550980706,
      "p": 0.0
    },
    "self_acc_lift": {
      "lift": 0.1972941176470588,
      "p": 0.00027820969095235487
    },
    "normed_self_acc_lift": {
      "lift": 0.35105714883818284,
      "ci_lo": 0.18306468494871253,
      "ci_hi": 0.5190496127276504
    },
    "single_point_auc": {
      "auc": 0.3621169284249407,
      "ci_lo": 0.18544893523767328,
      "ci_hi": 0.5387849216122081
    },
    "s_i_capability": {
      "coef": -1.2016381884612652,
      "p": 1.1876726580364897e-05
    }
  },
  "deepseek-chat": {
    "cap_entropy_diff": 0.37964849026537695,
    "team_acc_lift": {
      "lift": 0.018181818181818188,
      "ci_lo": -0.02583677406977103,
      "ci_hi": 0.062200410433407405
    },
    "introspection_score": {
      "mcc": 0.1585009562568579,
      "p": 0.0
    },
    "self_acc_lift": {
      "lift": 0.11727272727272725,
      "p": 0.021009601103858085
    },
    "normed_self_acc_lift": {
      "lift": 0.22241379310344822,
      "ci_lo": 0.03275862068965517,
      "ci_hi": 0.39310344827586213
    },
    "single_point_auc": {
      "auc": 0.31900767050443346,
      "ci_lo": 0.1425573270187762,
      "ci_hi": 0.4954580139900907
    },
    "full_auc": {
      "auc": 0.6935569620253164,
      "ci_lo": 0.6357345280316895,
      "ci_hi": 0.7516839221123491
    },
    "calibration_auc": {
      "auc": 0.6888692405933786,
      "ci_lo": 0.6412145083028833,
      "ci_hi": 0.7346704843173933
    },
    "calibration_entropy_auc": {
      "auc": 0.6899335232668566,
      "ci_lo": 0.6409994740129403,
      "ci_hi": 0.7359455950568301
    },
    "s_i_capability": {
      "coef": -0.9307484621047196,
      "p": 0.00016454972345020642
    },
    "capabilities_entropy": {
      "coef": 1.2564585116116416,
      "p": 1.2940001177453092e-07
    }
  },
  "gemini-1.5-pro": {
    "team_acc_lift": {
      "lift": 0.016000000000000014,
      "ci_lo": -0.027804487222201302,
      "ci_hi": 0.05980448722220133
    },
    "introspection_score": {
      "mcc": 0.11870780805151825,
      "p": 0.009
    },
    "self_acc_lift": {
      "lift": 0.09547169811320755,
      "p": 0.05202415876557555
    },
    "normed_self_acc_lift": {
      "lift": 0.18359941944847605,
      "ci_lo": 0.002177068214804106,
      "ci_hi": 0.365021770682148
    },
    "single_point_auc": {
      "auc": 0.23820904473936733,
      "ci_lo": 0.0627641245005266,
      "ci_hi": 0.41365396497820806
    },
    "s_i_capability": {
      "coef": -0.7798641395097696,
      "p": 0.0011009079121267478
    }
  },
  "gemini-2.0-flash-001": {
    "cap_entropy_diff": 0.16107464451500073,
    "team_acc_lift": {
      "lift": -0.009000000000000008,
      "ci_lo": -0.039985300230915954,
      "ci_hi": 0.02198530023091594
    },
    "introspection_score": {
      "mcc": 0.05423897510846929,
      "p": 0.097
    },
    "self_acc_lift": {
      "lift": 0.01827586206896553,
      "p": 0.6463218881240897
    },
    "normed_self_acc_lift": {
      "lift": 0.03206291591046584,
      "ci_lo": -0.09901189755999193,
      "ci_hi": 0.16313772938092352
    },
    "single_point_auc": {
      "auc": 0.10901496891143014,
      "ci_lo": -0.016176990112379358,
      "ci_hi": 0.23420692793523964
    },
    "full_auc": {
      "auc": 0.7416297904316607,
      "ci_lo": 0.6972924891586754,
      "ci_hi": 0.7826416285660635
    },
    "calibration_auc": {
      "auc": 0.6305997552019584,
      "ci_lo": 0.5946622700125328,
      "ci_hi": 0.665867142786861
    },
    "calibration_entropy_auc": {
      "auc": 0.6352998776009792,
      "ci_lo": 0.60063816441339,
      "ci_hi": 0.6693222515012025
    },
    "s_i_capability": {
      "coef": -0.25875373553270475,
      "p": 0.2573167526469511
    },