{
  "claude-3-5-sonnet-20241022": {
    "introspection_score": {
      "mcc": 0.32032635773957613,
      "p": 0.0
    },
    "self_acc_lift": {
      "lift": 0.23446009389671357,
      "p": 6.716989601909199e-09
    },
    "s_i_capability": {
      "coef": -1.710676115926637,
      "p": 6.74024140440088e-11
    }
  },
  "claude-3-haiku-20240307": {
    "introspection_score": {
      "mcc": 0.14822223018433275,
      "p": 0.276
    },
    "self_acc_lift": {
      "lift": 0.3377777777777778,
      "p": 0.034119161321776836
    }
  },
  "claude-3-sonnet-20240229": {
    "introspection_score": {
      "mcc": 0.09531751288704858,
      "p": 0.274
    },
    "self_acc_lift": {
      "lift": 0.20571428571428568,
      "p": 0.10259459801088003
    },
    "s_i_capability": {
      "coef": -1.6701431744259791,
      "p": 0.056473354463891505
    }
  },
  "claude-sonnet-4-20250514": {
    "introspection_score": {
      "mcc": 0.30443464800218095,
      "p": 0.0
    },
    "self_acc_lift": {
      "lift": 0.29454545454545455,
      "p": 7.961980943397039e-11
    },
    "s_i_capability": {
      "coef": -1.7252191683177382,
      "p": 3.558284603321892e-09
    }
  },
  "deepseek-chat": {
    "cap_entropy_diff": 0.0,
    "introspection_score": {
      "mcc": 0.2118186363542881,
      "p": 0.0
    },
    "self_acc_lift": {
      "lift": 0.07292506043513297,
      "p": 0.0769311465439621
    },
    "s_i_capability": {
      "coef": -1.1059373001217208,
      "p": 6.489103574268384e-05
    }
  },
  "gemini-1.5-pro": {
    "introspection_score": {
      "mcc": 0.12800017912574044,
      "p": 0.011
    },
    "self_acc_lift": {
      "lift": 0.024444444444444463,
      "p": 0.35327479497017356
    },
    "s_i_capability": {
      "coef": -0.8571481426110509,
      "p": 0.0045916441446461394
    }
  },
  "gemini-2.0-flash-001": {
    "cap_entropy_diff": 1.2404994317247515,
    "introspection_score": {
      "mcc": 0.0753847652096892,
      "p": 0.145
    },
    "self_acc_lift": {
      "lift": 0.014182499331014176,
      "p": 0.7864123390431019
    },
    "capabilities_entropy": {
      "coef": 0.08827685606215832,
      "p": 0.46748631523372186
    },
    "capent": {
      "unadjusted_influence": {
        "capabilities_entropy_vs_sp_prob": {
          "r": -0.10268491448427551,
          "p": 0.0391124103532754,
          "n": 404,
          "ci_lo": -0.1982632151972989,
          "ci_hi": -0.005172148126294541
        },
        "capabilities_entropy_vs_o_prob": {
          "r": -0.15043874658604026,
          "p": 0.0024319397029251453,
          "n": 404,
          "ci_lo": -0.24441591660051334,
          "ci_hi": -0.05366178401379664
        },
        "capabilities_entropy_vs_delegate_choice": {
          "r": 0.09674582981383373,
          "p": 0.05200382545817425,
          "n": 404,
          "ci_lo": -0.0008265550748516343,
          "ci_hi": 0.19249347342032666
        }
      },
      "adjusted_influence": {
        "capabilities_entropy_vs_sp_prob_ctrl_surface+o_prob": {
          "partial_r": -0.0005101982712765824,
          "p": 0.9918534644688868,
          "n": 404,
          "k_controls": 1,
          "ci_lo": -0.0981909908290642,
          "ci_hi": 0.09718033141118039,
          "controls": [
            "X2"
          ]
        },
        "capabilities_entropy_vs_o_prob_ctrl_surface": {
          "partial_r": -0.15043874658604026,
          "p": 0.0024319397029251453,
          "n": 404,
          "k_controls": 0,
          "ci_lo": -0.24441591660051334,
          "ci_hi": -0.05366178401379664,
          "controls": []
        },
        "capabilities_entropy_vs_delegate_choice_ctrl_surface+o_prob": {
          "partial_r": 0.11303237140958577,
          "p": 0.023247783717711187,
          "n": 404,
          "k_controls": 1,
          "ci_lo": 0.01551802967560082,
          "ci_hi": 0.20841679351554765,
          "controls": [
            "X2"
          ]
        }
      },
      "differences_unadjusted": {
        "dy_minus_dx1": {
          "lo": 0.07940140938405392,
          "hi": 0.3161982845622319,
          "point": 0.20497004334661012,
          "p_boot": 0.0,
          "n_boot": 2000
        },
        "dy_minus_dx2": {
          "lo": 0.08468777117007828,
          "hi": 0.38445368924166695,
          "point": 0.2552925299633397,
          "p_boot": 0.004,
          "n_boot": 2000
        },
        "dx1_minus_dx2": {
          "lo": -0.0052999734631259164,
          "hi": 0.1045893040193407,
          "point": 0.05032248661672956,
          "p_boot": 0.097,
          "n_boot": 2000
        }
      },
      "differences_adjusted": {
        "dy_minus_dx1": {
          "lo": 0.017897084023878854,
          "hi": 0.2100007993397073,
          "point": 0.11593804600180851,
          "p_boot": 0.02,
          "n_boot": 2000
        },
        "dy_minus_dx2": {
          "lo": 0.1032238364762278,
          "hi": 0.40472520709717796,
          "point": 0.27325684588547167,
          "p_boot": 0.002,
          "n_boot": 2000
        },
        "dx1_minus_dx2": {
          "lo": 0.04597361729309605,
          "hi": 0.2512967477544117,
          "point": 0.15731879988366312,
          "p_boot": 0.005,
          "n_boot": 2000
        }
      }
    }
  },
  "gemini-2.5-flash-preview-04-17": {
    "introspection_score": {
      "mcc": 0.09550327311342552,
      "p": 0.018
    },
    "self_acc_lift": {
      "lift": 0.013293520073109077,
      "p": 0.5768609499974355
    },
    "s_i_capability": {
      "coef": -1.197326536223355,
      "p": 0.035944914772836005
    }
  },
  "gpt-4.1-2025-04-14": {
    "cap_entropy_diff": 0.9828680451831217,
    "introspection_score": {
      "mcc": 0.13413695077848659,
      "p": 0.007
    },
    "self_acc_lift": {
      "lift": 0.0008973951067492436,
      "p": 1.0
    },
    "s_i_capability": {
      "coef": -0.7909804532519855,
      "p": 0.000695552337183762
    },
    "capabilities_entropy": {
      "coef": 0.5227302733499278,
      "p": 1.259525857189431e-09
    },
    "capent": {
      "unadjusted_influence": {
        "capabilities_entropy_vs_sp_prob": {
          "r": -0.28790538411818484,
          "p": 5.341640251778878e-10,
          "n": 448,
          "ci_lo": -0.3706634754078747,
          "ci_hi": -0.20061150886979148
        },
        "capabilities_entropy_vs_o_prob": {
          "r": -0.1455187186632444,
          "p": 0.0020157759380625547,
          "n": 448,
          "ci_lo": -0.23499538863871175,
          "ci_hi": -0.053596510925808624
        },
        "capabilities_entropy_vs_delegate_choice": {
          "r": 0.2976018694378169,
          "p": 1.295879196068223e-10,
          "n": 448,
          "ci_lo": 0.21076824319399282,
          "ci_hi": 0.3797757463352304
        }
      },
      "adjusted_influence": {
        "capabilities_entropy_vs_sp_prob_ctrl_surface+o_prob": {
          "partial_r": -0.2551165706441265,
          "p": 4.514878137358749e-08,
          "n": 448,
          "k_controls": 1,
          "ci_lo": -0.3398242081223151,
          "ci_hi": -0.16630313568352978,
          "controls": [
            "X2"
          ]
        },
        "capabilities_entropy_vs_o_prob_ctrl_surface": {
          "partial_r": -0.1455187186632444,
          "p": 0.0020157759380625547,
          "n": 448,
          "k_controls": 0,
          "ci_lo": -0.23499538863871175,
          "ci_hi": -0.053596510925808624,
          "controls": []
        },
        "capabilities_entropy_vs_delegate_choice_ctrl_surface+o_prob": {
          "partial_r": 0.27792053869815564,
          "p": 2.2643409117035447e-09,
          "n": 448,
          "k_controls": 1,
          "ci_lo": 0.19007151049177295,
          "ci_hi": 0.361354458169938,
          "controls": [
            "X2"
          ]
        }
      },
      "differences_unadjusted": {
        "dy_minus_dx1": {
          "lo": 0.4370094127015719,
          "hi": 0.7212854036174264,
          "point": 0.5837550445886467,
          "p_boot": 0.0,