{
  "deepseek-chat": {
    "cap_entropy_diff": 3.863576246049051e-05,
    "team_acc_lift": {
      "lift": -0.36185567010309283,
      "ci_lo": -0.410379284285567,
      "ci_hi": -0.31211923882748804
    },
    "introspection_score": {
      "mcc": 0.16804759969097488,
      "p": 0.0
    },
    "self_acc_lift": {
      "lift": -0.01649484536082474,
      "p": 0.5798436211044877
    },
    "normed_self_acc_lift": {
      "lift": -0.021052631578947364,
      "ci_lo": -0.08622620380739084,
      "ci_hi": 0.049552071668532996
    },
    "single_point_auc": {
      "auc": 0.4259891379638172,
      "ci_lo": 0.18439437327103098,
      "ci_hi": 0.6675839026566035
    },
    "full_auc": {
      "auc": 0.5251703518286747,
      "ci_lo": 0.5041809655748858,
      "ci_hi": 0.5491082510997758
    },
    "calibration_auc": {
      "auc": 0.5033090538847118,
      "ci_lo": 0.47911413684935855,
      "ci_hi": 0.5244353693181819
    },
    "calibration_entropy_auc": {
      "auc": 0.5067796610169492,
      "ci_lo": 0.5016181229773463,
      "ci_hi": 0.5139372822299652
    },
    "s_i_capability": {
      "coef": -0.9152343136722867,
      "p": 0.0032114922997653933
    },
    "capabilities_entropy": {
      "coef": -465.3767642468181,
      "p": 0.6800627420167291
    }
  },
  "gemini-2.0-flash-001": {
    "cap_entropy_diff": 0.06900050259611504,
    "team_acc_lift": {
      "lift": -0.03440860215053765,
      "ci_lo": -0.08174290463808348,
      "ci_hi": 0.015673269016251157
    },
    "introspection_score": {
      "mcc": 0.10657230230049597,
      "p": 0.049
    },
    "self_acc_lift": {
      "lift": 0.04443390259329538,
      "p": 0.35446614604656923
    },
    "normed_self_acc_lift": {
      "lift": 0.054914989251514564,
      "ci_lo": -0.07230799296462771,
      "ci_hi": 0.20031268321282006
    },
    "single_point_auc": {
      "auc": 0.2567810032709098,
      "ci_lo": -0.001806265317528144,
      "ci_hi": 0.5153682718593477
    },
    "full_auc": {
      "auc": 0.6079721362229104,
      "ci_lo": 0.5281016548360344,
      "ci_hi": 0.681365665231082
    },
    "calibration_auc": {
      "auc": 0.5891160919002386,
      "ci_lo": 0.5121381333595065,
      "ci_hi": 0.6615881528696889
    },
    "calibration_entropy_auc": {
      "auc": 0.5946597068861674,
      "ci_lo": 0.5168953810826598,
      "ci_hi": 0.6630154256610458
    },
    "s_i_capability": {
      "coef": -0.6881360542281599,
      "p": 0.03551847046023332
    },
    "capabilities_entropy": {
      "coef": 0.9311531318340698,
      "p": 0.19025276677013747
    }
  },
  "gpt-4o-2024-08-06": {
    "cap_entropy_diff": 0.031624003424496006,
    "team_acc_lift": {
      "lift": -0.025520833333333326,
      "ci_lo": -0.07391414834527321,
      "ci_hi": 0.01941614910468803
    },
    "introspection_score": {
      "mcc": 0.24388587292438973,
      "p": 0.0
    },
    "self_acc_lift": {
      "lift": 0.22463768115942032,
      "p": 0.00023567317223772977
    },
    "normed_self_acc_lift": {
      "lift": 0.26956521739130435,
      "ci_lo": 0.11304347826086956,
      "ci_hi": 0.45217391304347826
    },
    "single_point_auc": {
      "auc": 0.5630061429492041,
      "ci_lo": 0.2946270213916306,
      "ci_hi": 0.8313852645067776
    },
    "full_auc": {
      "auc": 0.6773218420375611,
      "ci_lo": 0.5972521846105353,
      "ci_hi": 0.7582626436875276
    },
    "calibration_auc": {
      "auc": 0.661279296875,
      "ci_lo": 0.5839506172839506,
      "ci_hi": 0.7262960122349953
    },
    "calibration_entropy_auc": {
      "auc": 0.6675244467318578,
      "ci_lo": 0.5618907513423547,
      "ci_hi": 0.7650848907783213
    },
    "s_i_capability": {
      "coef": -1.3221008524338536,
      "p": 0.00021807034853387104
    },
    "capabilities_entropy": {
      "coef": 9.148699525512285,
      "p": 0.02989723974471534
    }
  },
  "openai-gpt-5-chat": {
    "team_acc_lift": {
      "lift": -0.22893401015228432,
      "ci_lo": -0.27825809141247204,
      "ci_hi": -0.18098232016756144
    },
    "introspection_score": {
      "mcc": 0.2878341701660458,
      "p": 0.0
    },
    "self_acc_lift": {
      "lift": -0.01248892111836275,
      "p": 0.7573168108392376
    },
    "normed_self_acc_lift": {
      "lift": -0.01863876863876865,
      "ci_lo": -0.1133958633958634,
      "ci_hi": 0.0761183261183261
    },
    "single_point_auc": {
      "auc": 0.6230450193789072,
      "ci_lo": 0.4130434393431232,
      "ci_hi": 0.8330465994146912
    },
    "s_i_capability": {
      "coef": -1.184720039495763,
      "p": 2.448666156639475e-06
    }
  }
}