{
  "claude-3-5-sonnet-20241022": {
    "introspection_score": {
      "mcc": 0.1545847926764364,
      "p": 0.001
    },
    "self_acc_lift": {
      "lift": 0.0827290426342372,
      "p": 0.010385501437856257
    },
    "s_i_capability": {
      "coef": -0.7388915633975052,
      "p": 0.006848133891722216
    }
  },
  "claude-3-haiku-20240307": {
    "introspection_score": {
      "mcc": 0.07988067805218604,
      "p": 0.106
    },
    "self_acc_lift": {
      "lift": 0.0036984917370282144,
      "p": 0.8715242737258057
    }
  },
  "claude-3-sonnet-20240229": {
    "introspection_score": {
      "mcc": 0.07876679811109373,
      "p": 0.136
    },
    "self_acc_lift": {
      "lift": 0.06393500529848109,
      "p": 0.07272517019183619
    },
    "s_i_capability": {
      "coef": -0.547006288039679,
      "p": 0.1635011338863266
    }
  },
  "claude-sonnet-4-20250514": {
    "introspection_score": {
      "mcc": 0.21223853357286177,
      "p": 0.0
    },
    "self_acc_lift": {
      "lift": 0.01794694434577776,
      "p": 0.4315907732059022
    },
    "s_i_capability": {
      "coef": -1.5325730644007929,
      "p": 0.0006698648432547509
    }
  },
  "deepseek-chat": {
    "cap_entropy_diff": 0.045392695253528355,
    "introspection_score": {
      "mcc": 0.2297846889952153,
      "p": 0.0
    },
    "self_acc_lift": {
      "lift": 0.06588112670327434,
      "p": 0.0033130503519138224
    },
    "s_i_capability": {
      "coef": -2.07876483788333,
      "p": 0.0006281190245427937
    },
    "capabilities_entropy": {
      "coef": -0.5430136132763433,
      "p": 0.940213642907033
    }
  },
  "gemini-1.5-pro": {
    "introspection_score": {
      "mcc": 0.11044616731138086,
      "p": 0.0
    },
    "self_acc_lift": {
      "lift": -0.01355096026012717,
      "p": 0.4987510037594716
    },
    "s_i_capability": {
      "coef": -25.7359210532665,
      "p": 0.999881926746803
    }
  },
  "gemini-2.0-flash-001": {
    "cap_entropy_diff": 1.167613084291224,
    "introspection_score": {
      "mcc": 0.21184117190430343,
      "p": 0.0
    },
    "self_acc_lift": {
      "lift": -0.017663460856825547,
      "p": 0.5912158519270493
    },
    "s_i_capability": {
      "coef": -0.9871546859653785,
      "p": 0.0004029310502448081
    },
    "capabilities_entropy": {
      "coef": 0.05441445477615608,
      "p": 0.024383837750656827
    },
    "capent": {
      "unadjusted_influence": {
        "capabilities_entropy_vs_sp_prob": {
          "r": -0.12111008676456614,
          "p": 0.014738431879780954,
          "n": 405,
          "ci_lo": -0.21600484704411177,
          "ci_hi": -0.023948787906226874
        },
        "capabilities_entropy_vs_o_prob": {
          "r": -0.046953714623450035,
          "p": 0.34592411303658566,
          "n": 405,
          "ci_lo": -0.14373998236383018,
          "ci_hi": 0.05072228692394684
        },
        "capabilities_entropy_vs_delegate_choice": {
          "r": 0.10702477127289366,
          "p": 0.031290144655275715,
          "n": 405,
          "ci_lo": 0.009681812963064092,
          "ci_hi": 0.20235832278866
        }
      },
      "adjusted_influence": {
        "capabilities_entropy_vs_sp_prob_ctrl_surface+o_prob": {
          "partial_r": -0.11930168386175162,
          "p": 0.01643640528032236,
          "n": 405,
          "k_controls": 1,
          "ci_lo": -0.2143710693433763,
          "ci_hi": -0.02199309201139595,
          "controls": [
            "X2"
          ]
        },
        "capabilities_entropy_vs_o_prob_ctrl_surface": {
          "partial_r": -0.046953714623450035,
          "p": 0.34592411303658566,
          "n": 405,
          "k_controls": 0,
          "ci_lo": -0.14373998236383018,
          "ci_hi": 0.05072228692394684,
          "controls": []
        },
        "capabilities_entropy_vs_delegate_choice_ctrl_surface+o_prob": {
          "partial_r": 0.09731506117107752,
          "p": 0.050631566718036064,
          "n": 405,
          "k_controls": 1,
          "ci_lo": -0.0002519136872578597,
          "ci_hi": 0.19304676111034222,
          "controls": [
            "X2"
          ]
        }
      },
      "differences_unadjusted": {
        "dy_minus_dx1": {
          "lo": 0.06733524262648047,
          "hi": 0.37851213084314983,
          "point": 0.22473980889337927,
          "p_boot": 0.009,
          "n_boot": 2000
        },
        "dy_minus_dx2": {
          "lo": -0.011598361149225349,
          "hi": 0.3120048455712434,
          "point": 0.15200682489618197,
          "p_boot": 0.079,
          "n_boot": 2000
        },
        "dx1_minus_dx2": {
          "lo": -0.1483555148652763,
          "hi": 0.002496527197800537,
          "point": -0.07273298399719733,
          "p_boot": 0.056,
          "n_boot": 2000
        }
      },
      "differences_adjusted": {
        "dy_minus_dx1": {
          "lo": 0.08163895228575806,
          "hi": 0.34969037852878454,
          "point": 0.21820049108053297,
          "p_boot": 0.002,
          "n_boot": 2000
        },
        "dy_minus_dx2": {
          "lo": -0.002110876255976991,
          "hi": 0.291862214560569,
          "point": 0.14531304763741804,
          "p_boot": 0.056,
          "n_boot": 2000
        },
        "dx1_minus_dx2": {
          "lo": -0.19410348330739086,
          "hi": 0.04341984467921314,
          "point": -0.07288744344311493,
          "p_boot": 0.228,
          "n_boot": 2000
        }
      }
    }
  },
  "gemini-2.5-flash-preview-04-17": {
    "introspection_score": {
      "mcc": 0.13793564517446333,
      "p": 0.001
    },
    "self_acc_lift": {
      "lift": 0.061655652853283005,
      "p": 0.008764871167244247
    },
    "s_i_capability": {
      "coef": -1.3329061248576184,
      "p": 0.08649913990081204
    }
  },
  "gpt-4.1-2025-04-14": {
    "cap_entropy_diff": -1.8424706645145523,
    "introspection_score": {
      "mcc": 0.20404360376015443,
      "p": 0.0
    },
    "self_acc_lift": {
      "lift": -0.040180102915951976,
      "p": 0.08092375334724104
    },
    "s_i_capability": {
      "coef": -1.8803003600721668,
      "p": 0.002110610889582636
    },
    "capabilities_entropy": {
      "coef": 0.059078582471217146,
      "p": 0.03858734301618209
    },
    "capent": {
      "unadjusted_influence": {
        "capabilities_entropy_vs_sp_prob": {
          "r": 0.04763355713832769,
          "p": 0.4902908613085729,
          "n": 212,
          "ci_lo": -0.08767819486161234,
          "ci_hi": 0.18121937038283506
        },
        "capabilities_entropy_vs_o_prob": {
          "r": -0.11293649999922105,
          "p": 0.10102409180194474,
          "n": 212,
          "ci_lo": -0.24397268755368295,
          "ci_hi": 0.022149556766989483
        },
        "capabilities_entropy_vs_delegate_choice": {
          "r": 0.08872992827840623,
          "p": 0.19815401865657425,
          "n": 212,
          "ci_lo": -0.046575929065385276,
          "ci_hi": 0.22083850706279226
        }
      },
      "adjusted_influence": {
        "capabilities_entropy_vs_sp_prob_ctrl_surface+o_prob": {
          "partial_r": 0.07895398447990548,
          "p": 0.25351910267482586,
          "n": 212,
          "k_controls": 1,
          "ci_lo": -0.05671944904272409,
          "ci_hi": 0.21176425370897178,
          "controls": [
            "X2"
          ]
        },
        "capabilities_entropy_vs_o_prob_ctrl_surface": {
          "partial_r": -0.11293649999922105,
          "p": 0.10102409180194474,
          "n": 212,
          "k_controls": 0,
          "ci_lo": -0.24397268755368295,
          "ci_hi": 0.022149556766989483,
          "controls": []
        },
        "capabilities_entropy_vs_delegate_choice_ctrl_surface+o_prob": {
          "partial_r": 0.09190230255500373,
          "p": 0.1835696992174897,
          "n": 212,
          "k_controls": 1,
          "ci_lo": -0.043708825896959735,
          "ci_hi": 0.22418799767572786,