{
  "claude-3-5-sonnet-20241022": {
    "cap_entropy_diff": 0.4180387095947651,
    "team_acc_lift": {
      "lift": 0.06487695749440714,
      "ci_lo": 0.018916400767875485,
      "ci_hi": 0.1108375142209388
    },
    "introspection_score": {
      "mcc": 0.35800228806601236,
      "p": 0.0
    },
    "self_acc_lift": {
      "lift": 0.19927240795333373,
      "p": 6.772184695798439e-09
    },
    "normed_self_acc_lift": {
      "lift": 0.35347129506008,
      "ci_lo": 0.23742768135291492,
      "ci_hi": 0.4697221295060068
    },
    "single_point_auc": {
      "auc": 0.7378762657421525,
      "ci_lo": 0.5509439971709502,
      "ci_hi": 0.9248085343133547
    },
    "full_auc": {
      "auc": 0.8021639725642774,
      "ci_lo": 0.7612548590300933,
      "ci_hi": 0.8407643880774605
    },
    "calibration_auc": {
      "auc": 0.7099206349206348,
      "ci_lo": 0.6613172578541096,
      "ci_hi": 0.75725974755202
    },
    "calibration_entropy_auc": {
      "auc": 0.7146214896214895,
      "ci_lo": 0.6655863580886673,
      "ci_hi": 0.7635195997378097
    },
    "s_i_capability": {
      "coef": -1.3592184296830752,
      "p": 2.6150718282191633e-10
    },
    "capabilities_entropy": {
      "coef": 2.3045261437628297,
      "p": 1.4523424127473458e-21
    }
  },
  "claude-3-haiku-20240307": {
    "cap_entropy_diff": -0.02844941265249168,
    "team_acc_lift": {
      "lift": -0.1633109619686801,
      "ci_lo": -0.20712117706718508,
      "ci_hi": -0.11950074687017515
    },
    "introspection_score": {
      "mcc": 0.004380167058714181,
      "p": 0.884
    },
    "self_acc_lift": {
      "lift": -0.01896631135675747,
      "p": 0.4335262341611532
    },
    "normed_self_acc_lift": {
      "lift": -0.028738783649052847,
      "ci_lo": -0.09930209371884348,
      "ci_hi": 0.041824526420737786
    },
    "single_point_auc": {
      "auc": 0.009266569126666901,
      "ci_lo": -0.1864236189429989,
      "ci_hi": 0.2049567571963327
    },
    "full_auc": {
      "auc": 0.6045437405731523,
      "ci_lo": 0.5189411731806158,
      "ci_hi": 0.6862767964604448
    },
    "calibration_auc": {
      "auc": 0.48009589652096346,
      "ci_lo": 0.4330472420327475,
      "ci_hi": 0.5251954148167329
    },
    "calibration_entropy_auc": {
      "auc": 0.4805976806422837,
      "ci_lo": 0.4323746821823588,
      "ci_hi": 0.5258714608706326
    },
    "s_i_capability": {
      "coef": 0.1029658153768065,
      "p": 0.7808406622885278
    },
    "capabilities_entropy": {
      "coef": 1.0733181731547587,
      "p": 0.0312149600228448
    }
  },
  "claude-3-sonnet-20240229": {
    "team_acc_lift": {
      "lift": -0.10626398210290827,
      "ci_lo": -0.15155747005158837,
      "ci_hi": -0.06097049415422817
    },
    "introspection_score": {
      "mcc": 0.08999352658910657,
      "p": 0.057
    },
    "self_acc_lift": {
      "lift": 0.0006508033353671006,
      "p": 1.0
    },
    "normed_self_acc_lift": {
      "lift": 0.0009664753850800464,
      "ci_lo": -0.07463606161280578,
      "ci_hi": 0.08196919359710061
    },
    "single_point_auc": {
      "auc": 0.19390329940207818,
      "ci_lo": -0.00376734447053087,
      "ci_hi": 0.3915739432746872
    },
    "s_i_capability": {
      "coef": -0.23778059997113105,
      "p": 0.28512773594518703
    }
  },
  "claude-opus-4-1-20250805": {
    "team_acc_lift": {
      "lift": 0.018058690744921058,
      "ci_lo": -0.02667180290482085,
      "ci_hi": 0.06278918439466297
    },
    "introspection_score": {
      "mcc": 0.05957052171166775,
      "p": 0.231
    },
    "self_acc_lift": {
      "lift": 0.02601054860276808,
      "p": 0.2904494097819358
    },
    "normed_self_acc_lift": {
      "lift": 0.0685873394703944,
      "ci_lo": -0.04469257870212521,
      "ci_hi": 0.19445391521763838
    },
    "single_point_auc": {
      "auc": 0.12021344399961897,
      "ci_lo": -0.07171041454802474,
      "ci_hi": 0.3121373025472627
    },
    "s_i_capability": {
      "coef": -0.21610331924128848,
      "p": 0.6275946527490391
    }
  },
  "claude-sonnet-4-20250514": {
    "team_acc_lift": {
      "lift": 0.029082774049216997,
      "ci_lo": -0.01621071389946316,
      "ci_hi": 0.07437626199789715
    },
    "introspection_score": {
      "mcc": 0.21205389995086613,
      "p": 0.0
    },
    "self_acc_lift": {
      "lift": 0.04307195650327067,
      "p": 0.08360636810446366
    },
    "normed_self_acc_lift": {
      "lift": 0.10186859553948144,
      "ci_lo": -0.012044404259594136,
      "ci_hi": 0.20979405264215298
    },
    "single_point_auc": {
      "auc": 0.429628298082525,
      "ci_lo": 0.2419728845728695,
      "ci_hi": 0.6172837115921805
    },
    "s_i_capability": {
      "coef": -1.2368281017368759,
      "p": 0.00019297969908596611
    }
  },
  "deepseek-chat": {
    "cap_entropy_diff": 0.3519465653725561,
    "team_acc_lift": {
      "lift": 0.044117647058823484,
      "ci_lo": -0.0023143895236875656,
      "ci_hi": 0.09054968364133453
    },
    "introspection_score": {
      "mcc": 0.19890398104610515,
      "p": 0.0
    },
    "self_acc_lift": {
      "lift": 0.16035588374094328,
      "p": 5.343190474223459e-05
    },
    "normed_self_acc_lift": {
      "lift": 0.2965577431527068,
      "ci_lo": 0.14906178607182277,
      "ci_hi": 0.43270785738121514
    },
    "single_point_auc": {
      "auc": 0.4006395657604025,
      "ci_lo": 0.21356607238027459,
      "ci_hi": 0.5877130591405304
    },
    "full_auc": {
      "auc": 0.7309629043252632,
      "ci_lo": 0.6825733092023217,
      "ci_hi": 0.7792058362601438
    },
    "calibration_auc": {
      "auc": 0.676525753859472,
      "ci_lo": 0.6259542497952802,
      "ci_hi": 0.7266974135104618
    },
    "calibration_entropy_auc": {
      "auc": 0.6827709874889214,
      "ci_lo": 0.6318810339407305,
      "ci_hi": 0.732167711185211
    },
    "s_i_capability": {
      "coef": -0.6445536227541447,
      "p": 0.0036905404842802656
    },
    "capabilities_entropy": {
      "coef": 1.6376038356075215,
      "p": 4.944668960875988e-12
    }
  },
  "gemini-1.5-pro": {
    "team_acc_lift": {
      "lift": -0.022371364653243853,
      "ci_lo": -0.06867735413548631,
      "ci_hi": 0.023934624828998552
    },
    "introspection_score": {
      "mcc": 0.08993379987217386,
      "p": 0.046
    },
    "self_acc_lift": {
      "lift": 0.02533557046979862,
      "p": 0.3151099675223934
    },
    "normed_self_acc_lift": {
      "lift": 0.04603658536585359,
      "ci_lo": -0.04027439024390249,
      "ci_hi": 0.1414329268292682
    },
    "single_point_auc": {
      "auc": 0.18457492877738346,
      "ci_lo": -0.001778020459603874,
      "ci_hi": 0.37092787801437077
    },
    "s_i_capability": {
      "coef": -0.5890268290460969,
      "p": 0.08065281106637154
    }
  },
  "gemini-2.0-flash-001": {
    "cap_entropy_diff": 0.08409545416228717,
    "team_acc_lift": {
      "lift": 0.04921700223713643,
      "ci_lo": 0.016600073684953087,
      "ci_hi": 0.08183393078931978
    },
    "introspection_score": {
      "mcc": 0.1940448305657409,
      "p": 0.0
    },
    "self_acc_lift": {
      "lift": 0.11947228095982348,
      "p": 5.926412717112827e-07
    },
    "normed_self_acc_lift": {
      "lift": 0.23019012753897022,
      "ci_lo": 0.14221185640056683,
      "ci_hi": 0.3181683986773736
    },
    "single_point_auc": {
      "auc": 0.39080696051195907,
      "ci_lo": 0.2596100426995077,
      "ci_hi": 0.5220038783244104
    },
    "full_auc": {
      "auc": 0.7528338540414965,
      "ci_lo": 0.7194997891877027,
      "ci_hi": 0.7860400853183864
    },
    "calibration_auc": {
      "auc": 0.6402365677626303,
      "ci_lo": 0.6030263041720512,
      "ci_hi": 0.6753653254712674
    },
    "calibration_entropy_auc": {
      "auc": 0.6457497995188453,
      "ci_lo": 0.6092057683757771,
      "ci_hi": 0.6818582385793407
    },
    "s_i_capability": {
      "coef": -0.5595214938156642,
      "p": 0.004924733709582478
    },