{
  "claude-sonnet-4-20250514": {
    "team_acc_lift": {
      "lift": 0.03111111111111109,
      "ci_lo": -0.015064709965225409,
      "ci_hi": 0.07676026345819609
    },
    "introspection_score": {
      "mcc": 0.1785837539168911,
      "p": 0.001
    },
    "self_acc_lift": {
      "lift": 0.41936507936507933,
      "p": 4.087589936502451e-07
    },
    "normed_self_acc_lift": {
      "lift": 0.745906267645398,
      "ci_lo": 0.5426312817617166,
      "ci_hi": 0.9491812535290798
    },
    "single_point_auc": {
      "auc": 0.3641038876208778,
      "ci_lo": 0.1778690287186336,
      "ci_hi": 0.550338746523122
    },
    "s_i_capability": {
      "coef": -1.4788920829738696,
      "p": 0.0003590676713961773
    }
  },
  "gemini-2.0-flash-001": {
    "cap_entropy_diff": 0.18160395503519466,
    "team_acc_lift": {
      "lift": -0.00666666666666671,
      "ci_lo": -0.04648499562287722,
      "ci_hi": 0.02818592855660107
    },
    "introspection_score": {
      "mcc": 0.025746934925743786,
      "p": 0.612
    },
    "self_acc_lift": {
      "lift": 0.21396825396825403,
      "p": 0.11424412533937672
    },
    "normed_self_acc_lift": {
      "lift": 0.3746525847693164,
      "ci_lo": -0.12562534741523065,
      "ci_hi": 0.7498610339077264
    },
    "single_point_auc": {
      "auc": 0.05163962398833061,
      "ci_lo": -0.13504525033146944,
      "ci_hi": 0.23832449830813066
    },
    "full_auc": {
      "auc": 0.9218545216251639,
      "ci_lo": 0.8640821339821909,
      "ci_hi": 0.9612766538381528
    },
    "calibration_auc": {
      "auc": 0.6473458196407331,
      "ci_lo": 0.5935206528489503,
      "ci_hi": 0.6972234495703153
    },
    "calibration_entropy_auc": {
      "auc": 0.6549666337372231,
      "ci_lo": 0.6030754398988785,
      "ci_hi": 0.7045956790123455
    },
    "s_i_capability": {
      "coef": -0.20437008101664977,
      "p": 0.7123396380384748
    },
    "capabilities_entropy": {
      "coef": 145.912155089294,
      "p": 0.14699855517617472
    }
  },
  "gpt-4.1-2025-04-14": {
    "cap_entropy_diff": 0.2496318561847432,
    "team_acc_lift": {
      "lift": -0.21333333333333337,
      "ci_lo": -0.2593774076048726,
      "ci_hi": -0.16875640766470912
    },
    "introspection_score": {
      "mcc": 0.11123969013472149,
      "p": 0.015
    },
    "self_acc_lift": {
      "lift": -0.030227743271221574,
      "p": 0.28876755076319616
    },
    "normed_self_acc_lift": {
      "lift": -0.06477373558118908,
      "ci_lo": -0.1845607808340727,
      "ci_hi": 0.04852484472049599
    },
    "single_point_auc": {
      "auc": 0.2229619252184325,
      "ci_lo": 0.03776273658499585,
      "ci_hi": 0.40816111385186915
    },
    "full_auc": {
      "auc": 0.6925465838509316,
      "ci_lo": 0.6401906627689021,
      "ci_hi": 0.7441649909923538
    },
    "calibration_auc": {
      "auc": 0.6635119047619048,
      "ci_lo": 0.612510814632532,
      "ci_hi": 0.7107033109141442
    },
    "calibration_entropy_auc": {
      "auc": 0.6713492063492064,
      "ci_lo": 0.6205666620183428,
      "ci_hi": 0.7165815201479825
    },
    "s_i_capability": {
      "coef": -0.4044979687628946,
      "p": 0.07243131411518093
    },
    "capabilities_entropy": {
      "coef": 1.1165210322008263,
      "p": 7.610516323174259e-08
    }
  },
  "gpt-4o-mini": {
    "cap_entropy_diff": 0.11249539283899457,
    "team_acc_lift": {
      "lift": -0.06,
      "ci_lo": -0.10516342384487681,
      "ci_hi": -0.013820857891566674
    },
    "introspection_score": {
      "mcc": 0.026204095358295997,
      "p": 0.557
    },
    "self_acc_lift": {
      "lift": -0.025936981757877287,
      "p": 0.5801194832771857
    },
    "normed_self_acc_lift": {
      "lift": -0.03839355852317362,
      "ci_lo": -0.14886095836606436,
      "ci_hi": 0.08312058130400629
    },
    "single_point_auc": {
      "auc": 0.05574395119546027,
      "ci_lo": -0.14160786532829997,
      "ci_hi": 0.2530957677192205
    },
    "full_auc": {
      "auc": 0.7522907613829586,
      "ci_lo": 0.7037504340933612,
      "ci_hi": 0.8005677737980615
    },
    "calibration_auc": {
      "auc": 0.5675806596971882,
      "ci_lo": 0.509626379564871,
      "ci_hi": 0.6248615692436903
    },
    "calibration_entropy_auc": {
      "auc": 0.5711517664023071,
      "ci_lo": 0.5142285830556002,
      "ci_hi": 0.6293143065405488
    },
    "s_i_capability": {
      "coef": -0.1095941145946517,
      "p": 0.6465141223300437
    },
    "capabilities_entropy": {
      "coef": 1.7878920297594811,
      "p": 3.80515519566431e-12
    }
  },
  "grok-3-latest": {
    "cap_entropy_diff": 0.31293761182967306,
    "team_acc_lift": {
      "lift": -0.15555555555555556,
      "ci_lo": -0.20080376266590344,
      "ci_hi": -0.10936686857154426
    },
    "introspection_score": {
      "mcc": 0.14812912551582538,
      "p": 0.0
    },
    "self_acc_lift": {
      "lift": 0.1326300984528832,
      "p": 0.016323786861359282
    },
    "normed_self_acc_lift": {
      "lift": 0.3226137529934997,
      "ci_lo": 0.0762914813547724,
      "ci_hi": 0.5381457406773862
    },
    "single_point_auc": {
      "auc": 0.31271254936947634,
      "ci_lo": 0.12493418720942989,
      "ci_hi": 0.5004909115295229
    },
    "full_auc": {
      "auc": 0.803541574260466,
      "ci_lo": 0.7456110529771934,
      "ci_hi": 0.8587383227860013
    },
    "calibration_auc": {
      "auc": 0.7110657827638959,
      "ci_lo": 0.662684508978556,
      "ci_hi": 0.7599016304046902
    },
    "calibration_entropy_auc": {
      "auc": 0.7229984701682814,
      "ci_lo": 0.6759969291428158,
      "ci_hi": 0.7706729038526436
    },
    "s_i_capability": {
      "coef": -0.8629302307826944,
      "p": 0.0021778945331615124
    },
    "capabilities_entropy": {
      "coef": 4.026847864356918,
      "p": 2.6174497803300427e-08
    }
  }
}