{
  "claude-3-5-sonnet-20241022": {
    "introspection_score": {
      "mcc": 0.12414434024259241,
      "p": 0.013
    },
    "self_acc_lift": {
      "lift": 0.08328912466843502,
      "p": 0.004786867649762487
    },
    "s_i_capability": {
      "coef": -0.8750046571145929,
      "p": 0.0023720593487873147
    }
  },
  "claude-3-haiku-20240307": {
    "introspection_score": {
      "mcc": 0.08324526511225637,
      "p": 0.216
    },
    "self_acc_lift": {
      "lift": 0.09617586443782918,
      "p": 0.11385495871651105
    }
  },
  "claude-3-sonnet-20240229": {
    "introspection_score": {
      "mcc": 0.0225541882248389,
      "p": 0.693
    },
    "self_acc_lift": {
      "lift": 0.04965815041381791,
      "p": 0.373423430887754
    },
    "s_i_capability": {
      "coef": -0.5618959068101997,
      "p": 0.3431904421711137
    }
  },
  "claude-sonnet-4-20250514": {
    "introspection_score": {
      "mcc": 0.19237474737670318,
      "p": 0.0
    },
    "self_acc_lift": {
      "lift": 0.02276087046289796,
      "p": 0.35464296153478503
    },
    "s_i_capability": {
      "coef": -1.138922999167128,
      "p": 0.003604993256412409
    }
  },
  "deepseek-chat": {
    "cap_entropy_diff": 1.6993058473747008e-05,
    "introspection_score": {
      "mcc": 0.09176635852238015,
      "p": 0.043
    },
    "self_acc_lift": {
      "lift": -0.002436574965838545,
      "p": 1.0
    },
    "s_i_capability": {
      "coef": -0.5632416731659745,
      "p": 0.14514939445616343
    },
    "capabilities_entropy": {
      "coef": -2939.9012372412694,
      "p": 0.9217402481806573
    }
  },
  "gemini-1.5-pro": {
    "introspection_score": {
      "mcc": 0.0836780518443874,
      "p": 0.041
    },
    "self_acc_lift": {
      "lift": -0.003510749887613185,
      "p": 0.941142063290763
    },
    "s_i_capability": {
      "coef": -1.1342571500772585,
      "p": 0.0888860607626025
    }
  },
  "gemini-2.0-flash-001": {
    "cap_entropy_diff": 1.1282528105844158,
    "introspection_score": {
      "mcc": 0.053535034400994656,
      "p": 0.332
    },
    "self_acc_lift": {
      "lift": 0.11906906906906908,
      "p": 0.08377262579121614
    },
    "s_i_capability": {
      "coef": -0.3992616093331803,
      "p": 0.35194582140279584
    },
    "capabilities_entropy": {
      "coef": -0.018719598912720237,
      "p": 0.5919969079724104
    },
    "capent": {
      "unadjusted_influence": {
        "capabilities_entropy_vs_sp_prob": {
          "r": -0.12426805502440033,
          "p": 0.018831356386820063,
          "n": 357,
          "ci_lo": -0.22515956835233705,
          "ci_hi": -0.02073983503087263
        },
        "capabilities_entropy_vs_o_prob": {
          "r": -0.046307412915920616,
          "p": 0.3830161815115617,
          "n": 357,
          "ci_lo": -0.14938512417377767,
          "ci_hi": 0.05776597254298094
        },
        "capabilities_entropy_vs_delegate_choice": {
          "r": -0.024591508267949386,
          "p": 0.6433046037548327,
          "n": 357,
          "ci_lo": -0.12806036762435194,
          "ci_hi": 0.07940690999031833
        }
      },
      "adjusted_influence": {
        "capabilities_entropy_vs_sp_prob_ctrl_surface+o_prob": {
          "partial_r": -0.12430322693789222,
          "p": 0.018965596944421785,
          "n": 357,
          "k_controls": 1,
          "ci_lo": -0.2253334452778911,
          "ci_hi": -0.020628160049619496,
          "controls": [
            "X2"
          ]
        },
        "capabilities_entropy_vs_o_prob_ctrl_surface": {
          "partial_r": -0.046307412915920616,
          "p": 0.3830161815115617,
          "n": 357,
          "k_controls": 0,
          "ci_lo": -0.14938512417377767,
          "ci_hi": 0.05776597254298094,
          "controls": []
        },
        "capabilities_entropy_vs_delegate_choice_ctrl_surface+o_prob": {
          "partial_r": -0.03526578894073153,
          "p": 0.5071641908825532,
          "n": 357,
          "k_controls": 1,
          "ci_lo": -0.13869896488100542,
          "ci_hi": 0.06892846238416848,
          "controls": [
            "X2"
          ]
        }
      },
      "differences_unadjusted": {
        "dy_minus_dx1": {
          "lo": -0.08680009878601341,
          "hi": 0.29090281867361933,
          "point": 0.10128523525036885,
          "p_boot": 0.321,
          "n_boot": 2000
        },
        "dy_minus_dx2": {
          "lo": -0.1939056377710272,
          "hi": 0.2301097765605967,
          "point": 0.023287509056800187,
          "p_boot": 0.824,
          "n_boot": 2000
        },
        "dx1_minus_dx2": {
          "lo": -0.1621424644157692,
          "hi": 0.002653335269523056,
          "point": -0.07799772619356866,
          "p_boot": 0.06,
          "n_boot": 2000
        }
      },
      "differences_adjusted": {
        "dy_minus_dx1": {
          "lo": -0.05883063791176939,
          "hi": 0.23954838401452758,
          "point": 0.08972635031880846,
          "p_boot": 0.254,
          "n_boot": 2000
        },
        "dy_minus_dx2": {
          "lo": -0.18569057417105234,
          "hi": 0.19660350974917648,
          "point": 0.010179590017501038,
          "p_boot": 0.898,
          "n_boot": 2000
        },
        "dx1_minus_dx2": {
          "lo": -0.22474247319222837,
          "hi": 0.05778596148741605,
          "point": -0.07954676030130742,
          "p_boot": 0.25,
          "n_boot": 2000
        }
      }
    }
  },
  "gemini-2.5-flash-preview-04-17": {
    "introspection_score": {
      "mcc": 0.15063116086968034,
      "p": 0.0
    },
    "self_acc_lift": {
      "lift": 0.048300259330251394,
      "p": 0.06075714861234144
    },
    "s_i_capability": {
      "coef": -1.5426155296994222,
      "p": 0.01725036449445367
    }
  },
  "gpt-4.1-2025-04-14": {
    "cap_entropy_diff": -2.1885996061548987,
    "introspection_score": {
      "mcc": 0.19523278997073082,
      "p": 0.0
    },
    "self_acc_lift": {
      "lift": 0.01690906247556495,
      "p": 0.5145959269466198
    },
    "s_i_capability": {
      "coef": -0.9876974496282326,
      "p": 0.001629030071761251
    },
    "capabilities_entropy": {
      "coef": -0.005572526774441439,
      "p": 0.8056267404305112
    },
    "capent": {
      "unadjusted_influence": {
        "capabilities_entropy_vs_sp_prob": {
          "r": 0.028215280236026923,
          "p": 0.7014770318454562,
          "n": 187,
          "ci_lo": -0.11574659917823431,
          "ci_hi": 0.1710161426416356
        },
        "capabilities_entropy_vs_o_prob": {
          "r": -0.11848839836263549,
          "p": 0.10628147192326283,
          "n": 187,
          "ci_lo": -0.2576018341646682,
          "ci_hi": 0.025437350626752137
        },
        "capabilities_entropy_vs_delegate_choice": {
          "r": -0.06479671688131174,
          "p": 0.3782816520841229,
          "n": 187,
          "ci_lo": -0.2063711560633239,
          "ci_hi": 0.0794351181355292
        }
      },
      "adjusted_influence": {
        "capabilities_entropy_vs_sp_prob_ctrl_surface+o_prob": {
          "partial_r": 0.060472405132679825,
          "p": 0.4122590955027252,
          "n": 187,
          "k_controls": 1,
          "ci_lo": -0.08413902713136244,
          "ci_hi": 0.20258909314575899,
          "controls": [
            "X2"
          ]
        },
        "capabilities_entropy_vs_o_prob_ctrl_surface": {
          "partial_r": -0.11848839836263549,
          "p": 0.10628147192326283,
          "n": 187,
          "k_controls": 0,
          "ci_lo": -0.2576018341646682,
          "ci_hi": 0.025437350626752137,
          "controls": []
        },
        "capabilities_entropy_vs_delegate_choice_ctrl_surface+o_prob": {
          "partial_r": -0.054388048895146604,
          "p": 0.4609401431202609,
          "n": 187,
          "k_controls": 1,
          "ci_lo": -0.19672795138907526,
          "ci_hi": 0.09019713355404842,