{
  "claude-3-5-sonnet-20241022": {
    "cap_entropy_diff": 0.4384378884974558,
    "team_acc_lift": {
      "lift": 0.05415617128463479,
      "ci_lo": 0.004974719419790774,
      "ci_hi": 0.10229961324656889
    },
    "introspection_score": {
      "mcc": 0.2675815347206018,
      "p": 0.0
    },
    "self_acc_lift": {
      "lift": 0.23944541324893975,
      "p": 2.888172459667637e-07
    },
    "normed_self_acc_lift": {
      "lift": 0.424374236874237,
      "ci_lo": 0.2728937728937729,
      "ci_hi": 0.5607066544566545
    },
    "single_point_auc": {
      "auc": 0.5417887615720777,
      "ci_lo": 0.34340949345993205,
      "ci_hi": 0.7401680296842232
    },
    "full_auc": {
      "auc": 0.8257020757020758,
      "ci_lo": 0.782047558922559,
      "ci_hi": 0.8699249421965866
    },
    "calibration_auc": {
      "auc": 0.7197047894302229,
      "ci_lo": 0.6687563675548589,
      "ci_hi": 0.7721305714720468
    },
    "calibration_entropy_auc": {
      "auc": 0.7244142237819984,
      "ci_lo": 0.6748633047940296,
      "ci_hi": 0.7751346578708947
    },
    "s_i_capability": {
      "coef": -1.161287779257149,
      "p": 2.5075158460622207e-06
    },
    "capabilities_entropy": {
      "coef": 2.5810234865109165,
      "p": 3.6872240417081604e-16
    }
  },
  "claude-3-haiku-20240307": {
    "cap_entropy_diff": -0.03117701322774774,
    "team_acc_lift": {
      "lift": -0.22569269521410584,
      "ci_lo": -0.2748141445326364,
      "ci_hi": -0.17799549204142862
    },
    "introspection_score": {
      "mcc": 0.08759946746202013,
      "p": 0.07
    },
    "self_acc_lift": {
      "lift": 0.05085871307533779,
      "p": 0.11746825737555744
    },
    "normed_self_acc_lift": {
      "lift": 0.07706453851492023,
      "ci_lo": -0.026249132546842417,
      "ci_hi": 0.17349063150589866
    },
    "single_point_auc": {
      "auc": 0.18587957122576593,
      "ci_lo": -0.02176750217329504,
      "ci_hi": 0.3935266446248269
    },
    "full_auc": {
      "auc": 0.5786209553158705,
      "ci_lo": 0.5302118373917529,
      "ci_hi": 0.625902503936226
    },
    "calibration_auc": {
      "auc": 0.47940344925077755,
      "ci_lo": 0.42691290169474133,
      "ci_hi": 0.5286214425817797
    },
    "calibration_entropy_auc": {
      "auc": 0.47940344925077755,
      "ci_lo": 0.4265033678777288,
      "ci_hi": 0.5289845280271411
    },
    "s_i_capability": {
      "coef": -0.32495653819919823,
      "p": 0.15503216413250914
    },
    "capabilities_entropy": {
      "coef": 0.7194769479607724,
      "p": 0.039874561387582615
    }
  },
  "claude-3-sonnet-20240229": {
    "team_acc_lift": {
      "lift": -0.08110831234256921,
      "ci_lo": -0.1302023871305421,
      "ci_hi": -0.032376334032355625
    },
    "introspection_score": {
      "mcc": 0.15517797886168677,
      "p": 0.002
    },
    "self_acc_lift": {
      "lift": 0.08595190183358431,
      "p": 0.01669798853623669
    },
    "normed_self_acc_lift": {
      "lift": 0.12780114242671525,
      "ci_lo": 0.028121272989768437,
      "ci_hi": 0.2357876676500743
    },
    "single_point_auc": {
      "auc": 0.3308676480500483,
      "ci_lo": 0.12125569835266861,
      "ci_hi": 0.540479597747428
    },
    "s_i_capability": {
      "coef": -0.5086046986784333,
      "p": 0.02779262586079388
    }
  },
  "claude-opus-4-1-20250805": {
    "team_acc_lift": {
      "lift": -0.0002544529262086259,
      "ci_lo": -0.04732713583781645,
      "ci_hi": 0.042951122471072356
    },
    "introspection_score": {
      "mcc": 0.0995894097409324,
      "p": 0.044
    },
    "self_acc_lift": {
      "lift": 0.06512519821514184,
      "p": 0.053399526432254485
    },
    "normed_self_acc_lift": {
      "lift": 0.1717731738157768,
      "ci_lo": 0.0061278085789319954,
      "ci_hi": 0.3374185390526213
    },
    "single_point_auc": {
      "auc": 0.20541915920562737,
      "ci_lo": 0.0016416174724425692,
      "ci_hi": 0.40919670093881216
    },
    "s_i_capability": {
      "coef": -0.30299540087446186,
      "p": 0.17545016953266912
    }
  },
  "claude-sonnet-4-20250514": {
    "team_acc_lift": {
      "lift": -0.03929471032745602,
      "ci_lo": -0.08363515019098411,
      "ci_hi": 4.879814299385554e-05
    },
    "introspection_score": {
      "mcc": 0.25275393736201374,
      "p": 0.0
    },
    "self_acc_lift": {
      "lift": 0.15594902948584977,
      "p": 3.313624844370786e-05
    },
    "normed_self_acc_lift": {
      "lift": 0.3707291299753435,
      "ci_lo": 0.20292356463543487,
      "ci_hi": 0.5245508982035929
    },
    "single_point_auc": {
      "auc": 0.5220218884101102,
      "ci_lo": 0.32276139984830504,
      "ci_hi": 0.7212823769719154
    },
    "s_i_capability": {
      "coef": -0.9724512710978583,
      "p": 1.867440230599562e-05
    }
  },
  "deepseek-chat": {
    "cap_entropy_diff": 0.33804270960417293,
    "team_acc_lift": {
      "lift": 0.024173027989821905,
      "ci_lo": -0.025197711257300748,
      "ci_hi": 0.07307577333393689
    },
    "introspection_score": {
      "mcc": 0.1504978020385573,
      "p": 0.002
    },
    "self_acc_lift": {
      "lift": 0.06999671959642167,
      "p": 0.017907706656230687
    },
    "normed_self_acc_lift": {
      "lift": 0.13037303697342995,
      "ci_lo": 0.026536981686675447,
      "ci_hi": 0.24069884571560687
    },
    "single_point_auc": {
      "auc": 0.30581688979388133,
      "ci_lo": 0.10754212445024475,
      "ci_hi": 0.5040916551375179
    },
    "full_auc": {
      "auc": 0.7018604956939059,
      "ci_lo": 0.64571821157112,
      "ci_hi": 0.7585092586961281
    },
    "calibration_auc": {
      "auc": 0.6710587990208844,
      "ci_lo": 0.6166647730669617,
      "ci_hi": 0.7252097966695681
    },
    "calibration_entropy_auc": {
      "auc": 0.6786886099682308,
      "ci_lo": 0.6239858183710643,
      "ci_hi": 0.7324613804170065
    },
    "s_i_capability": {
      "coef": -0.7585355456683146,
      "p": 0.002839459901487383
    },
    "capabilities_entropy": {
      "coef": 1.3948634720057786,
      "p": 1.1523728832866556e-09
    }
  },
  "gemini-1.5-pro": {
    "team_acc_lift": {
      "lift": -0.0743073047858942,
      "ci_lo": -0.12294590715866005,
      "ci_hi": -0.025668702413128353
    },
    "introspection_score": {
      "mcc": -0.07170969667965917,
      "p": 0.168
    },
    "self_acc_lift": {
      "lift": -0.02830943361298982,
      "p": 0.27978589628508344
    },
    "normed_self_acc_lift": {
      "lift": -0.051554335524573204,
      "ci_lo": -0.14237039177442268,
      "ci_hi": 0.0440415131594789
    },
    "single_point_auc": {
      "auc": -0.14389347584604417,
      "ci_lo": -0.3415852423409832,
      "ci_hi": 0.05379829064889485
    },
    "s_i_capability": {
      "coef": 0.7273061259424988,
      "p": 0.18130285993808393
    }
  },
  "gemini-2.0-flash-001": {
    "cap_entropy_diff": 0.0835847319013659,
    "team_acc_lift": {
      "lift": 0.03607052896725438,
      "ci_lo": -0.012592234582257222,
      "ci_hi": 0.08519194805526092
    },
    "introspection_score": {
      "mcc": 0.1387665709615508,
      "p": 0.003
    },
    "self_acc_lift": {
      "lift": 0.09308523604452751,
      "p": 0.024108686754417703
    },
    "normed_self_acc_lift": {
      "lift": 0.17939242092076416,
      "ci_lo": 0.0301910429063576,
      "ci_hi": 0.31647118697149834
    },
    "single_point_auc": {
      "auc": 0.27843795572740304,
      "ci_lo": 0.0815618317320079,
      "ci_hi": 0.47531407972279816
    },
    "full_auc": {
      "auc": 0.6514796054385498,
      "ci_lo": 0.5963082404369998,
      "ci_hi": 0.707841613886872
    },
    "calibration_auc": {
      "auc": 0.6476388959487622,
      "ci_lo": 0.5941112645828085,
      "ci_hi": 0.7006106059267435
    },
    "calibration_entropy_auc": {
      "auc": 0.6541198597061962,
      "ci_lo": 0.6010797131389446,
      "ci_hi": 0.708278584160937
    },
    "s_i_capability": {
      "coef": -0.463666012869206,
      "p": 0.03361786063245109
    },