{
  "claude-3-5-sonnet-20241022": {
    "team_acc_lift": {
      "lift": 0.0888888888888889,
      "ci_lo": 0.042161062581792974,
      "ci_hi": 0.13775170519483992
    },
    "introspection_score": {
      "mcc": 0.282090129046474,
      "p": 0.0
    },
    "self_acc_lift": {
      "lift": 0.19906511927788523,
      "p": 1.3373053117038782e-06
    },
    "normed_self_acc_lift": {
      "lift": 0.29524264881663875,
      "ci_lo": 0.16901745158976814,
      "ci_hi": 0.4214678460435094
    },
    "single_point_auc": {
      "auc": 0.5966555520461254,
      "ci_lo": 0.3864979046291336,
      "ci_hi": 0.8068131994631172
    },
    "s_i_capability": {
      "coef": -1.5327484281443187,
      "p": 7.83114892720918e-09
    }
  },
  "claude-3-haiku-20240307": {
    "team_acc_lift": {
      "lift": -0.003496503496503489,
      "ci_lo": -0.08544621664525287,
      "ci_hi": 0.07845320965224589
    },
    "introspection_score": {
      "mcc": 0.09794908301941486,
      "p": 0.39
    },
    "self_acc_lift": {
      "lift": 0.20419580419580421,
      "p": 0.2541502396459762
    },
    "normed_self_acc_lift": {
      "lift": 0.2539130434782609,
      "ci_lo": -0.24347826086956523,
      "ci_hi": 0.751304347826087
    },
    "single_point_auc": {
      "auc": 0.2166491622370536,
      "ci_lo": -0.19638709237880858,
      "ci_hi": 0.6296854168529158
    },
    "s_i_capability": {
      "coef": -1.0690737351635218,
      "p": 0.25887436212100357
    }
  },
  "claude-3-sonnet-20240229": {
    "team_acc_lift": {
      "lift": -0.005357142857142838,
      "ci_lo": -0.0639199830375849,
      "ci_hi": 0.05320569732329927
    },
    "introspection_score": {
      "mcc": 0.07517513374293355,
      "p": 0.369
    },
    "self_acc_lift": {
      "lift": 0.15714285714285714,
      "p": 0.2242631628507558
    },
    "normed_self_acc_lift": {
      "lift": 0.18032786885245902,
      "ci_lo": -0.14754098360655735,
      "ci_hi": 0.6721311475409836
    },
    "single_point_auc": {
      "auc": 0.18859615668728186,
      "ci_lo": -0.1613336550680115,
      "ci_hi": 0.5385259684425752
    },
    "s_i_capability": {
      "coef": -1.091298586369072,
      "p": 0.20839168385794127
    }
  },
  "claude-opus-4-1-20250805": {
    "team_acc_lift": {
      "lift": 0.013803680981595123,
      "ci_lo": -0.040452810964260344,
      "ci_hi": 0.06806017292745059
    },
    "introspection_score": {
      "mcc": 0.20036732260113027,
      "p": 0.0
    },
    "self_acc_lift": {
      "lift": 0.2628220858895706,
      "p": 0.013161910391158379
    },
    "normed_self_acc_lift": {
      "lift": 0.45094736842105276,
      "ci_lo": 0.10778947368421053,
      "ci_hi": 0.7254736842105264
    },
    "single_point_auc": {
      "auc": 0.40883900717826704,
      "ci_lo": 0.18869308952399677,
      "ci_hi": 0.6289849248325373
    },
    "s_i_capability": {
      "coef": -1.6540841402484774,
      "p": 0.000980095573336951
    }
  },
  "claude-sonnet-4-20250514": {
    "team_acc_lift": {
      "lift": 0.024892703862660903,
      "ci_lo": -0.03685632144714179,
      "ci_hi": 0.08907814032008876
    },
    "introspection_score": {
      "mcc": 0.13663730445489397,
      "p": 0.044
    },
    "self_acc_lift": {
      "lift": 0.15075723940604802,
      "p": 0.003480245072066896
    },
    "normed_self_acc_lift": {
      "lift": 0.21817662597272788,
      "ci_lo": 0.06846576711644176,
      "ci_hi": 0.367887484829014
    },
    "single_point_auc": {
      "auc": 0.2930504672744072,
      "ci_lo": 0.015177137487287051,
      "ci_hi": 0.5709237970615273
    },
    "s_i_capability": {
      "coef": -0.5977459038952997,
      "p": 0.04794680044201159
    }
  },
  "deepseek-chat": {
    "cap_entropy_diff": 0.0,
    "team_acc_lift": {
      "lift": -0.06164383561643838,
      "ci_lo": -0.10737667221407743,
      "ci_hi": -0.0148391111217141
    },
    "introspection_score": {
      "mcc": 0.2118186363542881,
      "p": 0.0
    },
    "self_acc_lift": {
      "lift": 0.07292506043513297,
      "p": 0.0769311465439621
    },
    "normed_self_acc_lift": {
      "lift": 0.09022931206380859,
      "ci_lo": -0.006812894649385159,
      "ci_hi": 0.1994017946161516
    },
    "single_point_auc": {
      "auc": 0.5031682057034758,
      "ci_lo": 0.26529590547320003,
      "ci_hi": 0.7410405059337515
    },
    "full_auc": {
      "auc": 0.5014880952380952,
      "ci_lo": 0.5,
      "ci_hi": 0.5046153846153847
    },
    "calibration_auc": {
      "auc": 0.5014124293785311,
      "ci_lo": 0.5,
      "ci_hi": 0.5043859649122807
    },
    "calibration_entropy_auc": {
      "auc": 0.5,
      "ci_lo": 0.5,
      "ci_hi": 0.5
    },
    "s_i_capability": {
      "coef": -1.1059373001217208,
      "p": 6.489103574268384e-05
    }
  },
  "gemini-1.5-pro": {
    "team_acc_lift": {
      "lift": -0.07561521252796422,
      "ci_lo": -0.11735792681166823,
      "ci_hi": -0.030879789414959946
    },
    "introspection_score": {
      "mcc": 0.12565751348313942,
      "p": 0.01
    },
    "self_acc_lift": {
      "lift": 0.02326621923937361,
      "p": 0.40367871225478824
    },
    "normed_self_acc_lift": {
      "lift": 0.0282608695652174,
      "ci_lo": -0.03854619565217393,
      "ci_hi": 0.09506793478260869
    },
    "single_point_auc": {
      "auc": 0.3290834610497535,
      "ci_lo": 0.08605093685430945,
      "ci_hi": 0.5721159852451976
    },
    "s_i_capability": {
      "coef": -0.834560886618137,
      "p": 0.005859486470899841
    }
  },
  "gemini-2.0-flash-001": {
    "cap_entropy_diff": 0.31859064708689566,
    "team_acc_lift": {
      "lift": -0.10633663366336632,
      "ci_lo": -0.1360915681991573,
      "ci_hi": -0.06968064940693758
    },
    "introspection_score": {
      "mcc": 0.0753847652096892,
      "p": 0.158
    },
    "self_acc_lift": {
      "lift": 0.014182499331014176,
      "p": 0.7864123390431019
    },
    "normed_self_acc_lift": {
      "lift": 0.01872460695990107,
      "ci_lo": -0.10616498851792967,
      "ci_hi": 0.1614555732202791
    },
    "single_point_auc": {
      "auc": 0.17040493893513076,
      "ci_lo": -0.05708648154170931,
      "ci_hi": 0.3978963594119708
    },
    "full_auc": {
      "auc": 0.4426699426699427,
      "ci_lo": 0.3657017188494003,
      "ci_hi": 0.5276198783228151
    },
    "calibration_auc": {
      "auc": 0.7700080032012806,
      "ci_lo": 0.7185550321886269,
      "ci_hi": 0.8168171083705064
    },
    "calibration_entropy_auc": {
      "auc": 0.7700080032012806,
      "ci_lo": 0.7185550321886268,
      "ci_hi": 0.8168171083705065
    },
    "s_i_capability": {
      "coef": -0.5856838517719223,
      "p": 0.09595848044141791
    },
    "capabilities_entropy": {
      "coef": -0.2723579469741082,
      "p": 0.39538514707474126
    }
  },
  "gemini-2.5-flash-lite_nothink": {
    "cap_entropy_diff": 0.561019695956522,
    "team_acc_lift": {
      "lift": 0.0034482758620689585,
      "ci_lo": -0.0217844770199275,
      "ci_hi": 0.03562356841497441
    },
    "introspection_score": {
      "mcc": 0.07052985613177484,
      "p": 0.294
    },
    "self_acc_lift": {
      "lift": 0.1154351395730706,
      "p": 0.15443885656114426
    },
    "normed_self_acc_lift": {
      "lift": 0.12809766763848396,
      "ci_lo": -0.1096938775510204,
      "ci_hi": 0.3658892128279883
    },
    "single_point_auc": {
      "auc": 0.19799777520373507,
      "ci_lo": -0.11686075095167797,
      "ci_hi": 0.5128563013591481
    },
    "full_auc": {
      "auc": 0.5646420088225315,
      "ci_lo": 0.403293664196141,
      "ci_hi": 0.7321075918518269
    },
    "calibration_auc": {
      "auc": 0.7602634076886569,
      "ci_lo": 0.6811354589854589,
      "ci_hi": 0.8352772545520638
    },
    "calibration_entropy_auc": {
      "auc": 0.7604234818295367,
      "ci_lo": 0.6757647581136046,
      "ci_hi": 0.8357625834518779
    },
    "s_i_capability": {
      "coef": -1.0133948857950885,
      "p": 0.1502094054667477
    },
    "capabilities_entropy": {
      "coef": 0.6710387160790013,