{
  "claude-3-5-sonnet-20241022": {
    "introspection_score": {
      "mcc": 0.13084604652877269,
      "p": 0.013
    },
    "self_acc_lift": {
      "lift": 0.32938461538461544,
      "p": 0.000630621753521291
    },
    "s_i_capability": {
      "coef": -1.1545574241158103,
      "p": 0.0066728065026109935
    }
  },
  "claude-3-haiku-20240307": {
    "introspection_score": {
      "mcc": 0.2642168954481292,
      "p": 0.0
    },
    "self_acc_lift": {
      "lift": 0.11872289156626506,
      "p": 0.00016585065270429848
    }
  },
  "claude-3-sonnet-20240229": {
    "introspection_score": {
      "mcc": 0.1815882264407059,
      "p": 0.01
    },
    "self_acc_lift": {
      "lift": 0.2678260869565217,
      "p": 0.0002742655472693867
    },
    "s_i_capability": {
      "coef": -1.7572557023030737,
      "p": 0.00038140231492540854
    }
  },
  "claude-sonnet-4-20250514": {
    "introspection_score": {
      "mcc": 0.15786262519896282,
      "p": 0.004
    },
    "self_acc_lift": {
      "lift": 0.3271794871794872,
      "p": 1.958250670277842e-06
    },
    "s_i_capability": {
      "coef": -1.2166740900309105,
      "p": 0.0010840981990494498
    }
  },
  "deepseek-chat": {
    "cap_entropy_diff": 0.0,
    "introspection_score": {
      "mcc": 0.10019047578774122,
      "p": 0.035
    },
    "self_acc_lift": {
      "lift": 0.04421915444348576,
      "p": 0.1403153820106588
    },
    "s_i_capability": {
      "coef": -0.6285709896430725,
      "p": 0.011205836817147772
    }
  },
  "gemini-1.5-pro": {
    "introspection_score": {
      "mcc": 0.1552727691275669,
      "p": 0.0
    },
    "self_acc_lift": {
      "lift": -0.014862559241706153,
      "p": 0.44374464939402347
    },
    "s_i_capability": {
      "coef": -1.9201407077444659,
      "p": 0.001563431678642523
    }
  },
  "gemini-2.0-flash-001": {
    "cap_entropy_diff": 1.2224548582731871,
    "introspection_score": {
      "mcc": 0.0942511391383561,
      "p": 0.06
    },
    "self_acc_lift": {
      "lift": 0.0513302034428795,
      "p": 0.33346985063665857
    },
    "s_i_capability": {
      "coef": -0.5664916447443795,
      "p": 0.048714917577748214
    },
    "capabilities_entropy": {
      "coef": 0.5845463694474247,
      "p": 0.0003351323149155607
    },
    "capent": {
      "unadjusted_influence": {
        "capabilities_entropy_vs_sp_prob": {
          "r": -0.10482199864671264,
          "p": 0.026178431577864043,
          "n": 450,
          "ci_lo": -0.19536743502344495,
          "ci_hi": -0.012504698289245235
        },
        "capabilities_entropy_vs_o_prob": {
          "r": -0.14016008594118817,
          "p": 0.0028853435853561423,
          "n": 450,
          "ci_lo": -0.22962350738159992,
          "ci_hi": -0.048348026138810674
        },
        "capabilities_entropy_vs_delegate_choice": {
          "r": 0.16028525370734395,
          "p": 0.0006429976967859017,
          "n": 450,
          "ci_lo": 0.06886715986936061,
          "ci_hi": 0.2490339028672679
        }
      },
      "adjusted_influence": {
        "capabilities_entropy_vs_sp_prob_ctrl_surface+o_prob": {
          "partial_r": -0.011518003614163108,
          "p": 0.8077033961920108,
          "n": 450,
          "k_controls": 1,
          "ci_lo": -0.10394865172750145,
          "ci_hi": 0.0811098970576304,
          "controls": [
            "X2"
          ]
        },
        "capabilities_entropy_vs_o_prob_ctrl_surface": {
          "partial_r": -0.14016008594118817,
          "p": 0.0028853435853561423,
          "n": 450,
          "k_controls": 0,
          "ci_lo": -0.22962350738159992,
          "ci_hi": -0.048348026138810674,
          "controls": []
        },
        "capabilities_entropy_vs_delegate_choice_ctrl_surface+o_prob": {
          "partial_r": 0.12423166856026577,
          "p": 0.008406296797359847,
          "n": 450,
          "k_controls": 1,
          "ci_lo": 0.03205878871044454,
          "ci_hi": 0.21430929124201215,
          "controls": [
            "X2"
          ]
        }
      },
      "differences_unadjusted": {
        "dy_minus_dx1": {
          "lo": 0.17707352438629764,
          "hi": 0.3468036829457494,
          "point": 0.2661427459643778,
          "p_boot": 0.0,
          "n_boot": 2000
        },
        "dy_minus_dx2": {
          "lo": 0.2011891697106879,
          "hi": 0.3986241146541777,
          "point": 0.3023734930238401,
          "p_boot": 0.0,
          "n_boot": 2000
        },
        "dx1_minus_dx2": {
          "lo": -0.022361309208781033,
          "hi": 0.09051934674673037,
          "point": 0.036230747059462276,
          "p_boot": 0.185,
          "n_boot": 2000
        }
      },
      "differences_adjusted": {
        "dy_minus_dx1": {
          "lo": 0.04069289712378149,
          "hi": 0.22151881378779598,
          "point": 0.13467227801212994,
          "p_boot": 0.005,
          "n_boot": 2000
        },
        "dy_minus_dx2": {
          "lo": 0.17755876153026037,
          "hi": 0.34767026993241157,
          "point": 0.26689970707542454,
          "p_boot": 0.0,
          "n_boot": 2000
        },
        "dx1_minus_dx2": {
          "lo": 0.021696056942068966,
          "hi": 0.2253429295007943,
          "point": 0.1322274290632946,
          "p_boot": 0.013,
          "n_boot": 2000
        }
      }
    }
  },
  "gemini-2.5-flash-preview-04-17": {
    "introspection_score": {
      "mcc": 0.11773993124203354,
      "p": 0.002
    },
    "self_acc_lift": {
      "lift": 0.010359801488833753,
      "p": 0.6601373242569821
    },
    "s_i_capability": {
      "coef": -1.2041033036826951,
      "p": 0.006237424158357516
    }
  },
  "gpt-4.1-2025-04-14": {
    "cap_entropy_diff": 1.008148873127523,
    "introspection_score": {
      "mcc": 0.09162909684078484,
      "p": 0.025
    },
    "self_acc_lift": {
      "lift": -0.015833020442691248,
      "p": 0.523522206334688
    },
    "s_i_capability": {
      "coef": -0.7118261040365073,
      "p": 0.032841539442501656
    },
    "capabilities_entropy": {
      "coef": 0.36845898554569406,
      "p": 2.0110512560403438e-05
    },
    "capent": {
      "unadjusted_influence": {
        "capabilities_entropy_vs_sp_prob": {
          "r": -0.2598062021079056,
          "p": 3.9904071950714424e-09,
          "n": 498,
          "ci_lo": -0.33991321147533493,
          "ci_hi": -0.1759563358780481
        },
        "capabilities_entropy_vs_o_prob": {
          "r": -0.1374131801993255,
          "p": 0.002116444656001436,
          "n": 498,
          "ci_lo": -0.22259224384463744,
          "ci_hi": -0.0501520676829538
        },
        "capabilities_entropy_vs_delegate_choice": {
          "r": 0.21167122166352817,
          "p": 1.8803693012736007e-06,
          "n": 498,
          "ci_lo": 0.12615083055178455,
          "ci_hi": 0.2940685379949243
        }
      },
      "adjusted_influence": {
        "capabilities_entropy_vs_sp_prob_ctrl_surface+o_prob": {
          "partial_r": -0.22794039906449046,
          "p": 2.79806203655021e-07,
          "n": 498,
          "k_controls": 1,
          "ci_lo": -0.3096867202226877,
          "ci_hi": -0.14284923387228415,
          "controls": [
            "X2"
          ]
        },
        "capabilities_entropy_vs_o_prob_ctrl_surface": {
          "partial_r": -0.1374131801993255,
          "p": 0.002116444656001436,
          "n": 498,
          "k_controls": 0,
          "ci_lo": -0.22259224384463744,
          "ci_hi": -0.0501520676829538,
          "controls": []
        },
        "capabilities_entropy_vs_delegate_choice_ctrl_surface+o_prob": {
          "partial_r": 0.20457775303288334,
          "p": 4.265920431587845e-06,
          "n": 498,
          "k_controls": 1,
          "ci_lo": 0.11875959151860299,
          "ci_hi": 0.2873621388645646,
          "controls": [
            "X2"
          ]
        }
      },